event_name,event_timestamp,user_pseudo_id,unique_session_id,data.path,event_properties.type
bodygraph_top_types_switch,1710893002829000,4bc6e579-cbcf-4eeb-9acf-871de6a9589f,4bc6e579-cbcf-4eeb-9acf-871de6a9589f_1710892813626,/,personality
bodygraph_top_types_switch,1710893017165000,4bc6e579-cbcf-4eeb-9acf-871de6a9589f,4bc6e579-cbcf-4eeb-9acf-871de6a9589f_1710892813626,/,design
bodygraph_top_types_switch,1710893027549000,4bc6e579-cbcf-4eeb-9acf-871de6a9589f,4bc6e579-cbcf-4eeb-9acf-871de6a9589f_1710892813626,/,chart
bodygraph_top_types_switch,1710896061765000,a98684e1-6ff5-452f-bd2b-42c31fc125ca,a98684e1-6ff5-452f-bd2b-42c31fc125ca_1710895583684,/,not_self
bodygraph_top_types_switch,1710896084724000,a98684e1-6ff5-452f-bd2b-42c31fc125ca,a98684e1-6ff5-452f-bd2b-42c31fc125ca_1710895583684,/,design
bodygraph_top_types_switch,1710896131539000,a98684e1-6ff5-452f-bd2b-42c31fc125ca,a98684e1-6ff5-452f-bd2b-42c31fc125ca_1710895583684,/,chart
bodygraph_top_types_switch,1710896134368000,a98684e1-6ff5-452f-bd2b-42c31fc125ca,a98684e1-6ff5-452f-bd2b-42c31fc125ca_1710895583684,/,design
bodygraph_top_types_switch,1710896137510000,a98684e1-6ff5-452f-bd2b-42c31fc125ca,a98684e1-6ff5-452f-bd2b-42c31fc125ca_1710895583684,/,personality
bodygraph_top_types_switch,1710896150872000,a98684e1-6ff5-452f-bd2b-42c31fc125ca,a98684e1-6ff5-452f-bd2b-42c31fc125ca_1710895583684,/,design
bodygraph_top_types_switch,1710896152901000,a98684e1-6ff5-452f-bd2b-42c31fc125ca,a98684e1-6ff5-452f-bd2b-42c31fc125ca_1710895583684,/,chart
bodygraph_top_types_switch,1710896157414000,a98684e1-6ff5-452f-bd2b-42c31fc125ca,a98684e1-6ff5-452f-bd2b-42c31fc125ca_1710895583684,/,design
bodygraph_top_types_switch,1710896793909000,a98684e1-6ff5-452f-bd2b-42c31fc125ca,a98684e1-6ff5-452f-bd2b-42c31fc125ca_1710896707788,/,chart
bodygraph_top_types_switch,1710896799315000,a98684e1-6ff5-452f-bd2b-42c31fc125ca,a98684e1-6ff5-452f-bd2b-42c31fc125ca_1710896707788,/,personality
bodygraph_top_types_switch,1710936289660000,9255136e-5e78-4689-85da-06f5fdd8e0fd,9255136e-5e78-4689-85da-06f5fdd8e0fd_1710935932777,/,not_self
bodygraph_top_types_switch,1710936299805000,9255136e-5e78-4689-85da-06f5fdd8e0fd,9255136e-5e78-4689-85da-06f5fdd8e0fd_1710935932777,/,chart
bodygraph_top_types_switch,1710936301241000,9255136e-5e78-4689-85da-06f5fdd8e0fd,9255136e-5e78-4689-85da-06f5fdd8e0fd_1710935932777,/,design
bodygraph_top_types_switch,1710936307189000,9255136e-5e78-4689-85da-06f5fdd8e0fd,9255136e-5e78-4689-85da-06f5fdd8e0fd_1710935932777,/,personality
bodygraph_top_types_switch,1710938750822000,922737c1-20ae-4212-8d51-8e40db13fec0,922737c1-20ae-4212-8d51-8e40db13fec0_1710938731301,/,personality
bodygraph_top_types_switch,1710938753975000,922737c1-20ae-4212-8d51-8e40db13fec0,922737c1-20ae-4212-8d51-8e40db13fec0_1710938731301,/,design
bodygraph_top_types_switch,1710938758306000,922737c1-20ae-4212-8d51-8e40db13fec0,922737c1-20ae-4212-8d51-8e40db13fec0_1710938731301,/,not_self
bodygraph_top_types_switch,1710938760516000,922737c1-20ae-4212-8d51-8e40db13fec0,922737c1-20ae-4212-8d51-8e40db13fec0_1710938731301,/,chart
bodygraph_top_types_switch,1710936707564000,a26cefc9-13c6-44e5-b436-dc3a40844eb0,a26cefc9-13c6-44e5-b436-dc3a40844eb0_1710936351431,/,not_self
bodygraph_top_types_switch,1710936712275000,a26cefc9-13c6-44e5-b436-dc3a40844eb0,a26cefc9-13c6-44e5-b436-dc3a40844eb0_1710936351431,/,design
bodygraph_top_types_switch,1710936717645000,a26cefc9-13c6-44e5-b436-dc3a40844eb0,a26cefc9-13c6-44e5-b436-dc3a40844eb0_1710936351431,/,personality
bodygraph_top_types_switch,1710936722603000,a26cefc9-13c6-44e5-b436-dc3a40844eb0,a26cefc9-13c6-44e5-b436-dc3a40844eb0_1710936351431,/,chart
bodygraph_top_types_switch,1710937320820000,5a8ee028-07a8-47d0-a875-fc08e07f45b9,5a8ee028-07a8-47d0-a875-fc08e07f45b9_1710936446440,/,not_self
bodygraph_top_types_switch,1710937326964000,5a8ee028-07a8-47d0-a875-fc08e07f45b9,5a8ee028-07a8-47d0-a875-fc08e07f45b9_1710936446440,/,design
bodygraph_top_types_switch,1710937329852000,5a8ee028-07a8-47d0-a875-fc08e07f45b9,5a8ee028-07a8-47d0-a875-fc08e07f45b9_1710936446440,/,personality
bodygraph_top_types_switch,1710937388723000,5a8ee028-07a8-47d0-a875-fc08e07f45b9,5a8ee028-07a8-47d0-a875-fc08e07f45b9_1710936446440,/,chart
bodygraph_top_types_switch,1710937401392000,5a8ee028-07a8-47d0-a875-fc08e07f45b9,5a8ee028-07a8-47d0-a875-fc08e07f45b9_1710936446440,/,personality
bodygraph_top_types_switch,1710937402483000,5a8ee028-07a8-47d0-a875-fc08e07f45b9,5a8ee028-07a8-47d0-a875-fc08e07f45b9_1710936446440,/,design
bodygraph_top_types_switch,1710937403500000,5a8ee028-07a8-47d0-a875-fc08e07f45b9,5a8ee028-07a8-47d0-a875-fc08e07f45b9_1710936446440,/,personality
bodygraph_top_types_switch,1710940103288000,3688eaf1-9d32-47d0-a98c-b67ed4453fdd,3688eaf1-9d32-47d0-a98c-b67ed4453fdd_1710939811478,/,personality
bodygraph_top_types_switch,1710940205674000,3688eaf1-9d32-47d0-a98c-b67ed4453fdd,3688eaf1-9d32-47d0-a98c-b67ed4453fdd_1710939811478,/,design
bodygraph_top_types_switch,1710940122691000,bde11df2-5a64-4a4c-b1ea-5b6b6baa4989,bde11df2-5a64-4a4c-b1ea-5b6b6baa4989_1710939902822,/,not_self
bodygraph_top_types_switch,1710940149869000,bde11df2-5a64-4a4c-b1ea-5b6b6baa4989,bde11df2-5a64-4a4c-b1ea-5b6b6baa4989_1710939902822,/,chart
bodygraph_top_types_switch,1710940159257000,bde11df2-5a64-4a4c-b1ea-5b6b6baa4989,bde11df2-5a64-4a4c-b1ea-5b6b6baa4989_1710939902822,/,not_self
bodygraph_top_types_switch,1710940164516000,bde11df2-5a64-4a4c-b1ea-5b6b6baa4989,bde11df2-5a64-4a4c-b1ea-5b6b6baa4989_1710939902822,/,design
bodygraph_top_types_switch,1710940176103000,bde11df2-5a64-4a4c-b1ea-5b6b6baa4989,bde11df2-5a64-4a4c-b1ea-5b6b6baa4989_1710939902822,/,personality
bodygraph_top_types_switch,1710939697682000,a395c4e0-b082-4656-ab48-234e464d0dec,a395c4e0-b082-4656-ab48-234e464d0dec_1710939501166,/,not_self
bodygraph_top_types_switch,1710939702756000,a395c4e0-b082-4656-ab48-234e464d0dec,a395c4e0-b082-4656-ab48-234e464d0dec_1710939501166,/,chart
bodygraph_top_types_switch,1710939705681000,a395c4e0-b082-4656-ab48-234e464d0dec,a395c4e0-b082-4656-ab48-234e464d0dec_1710939501166,/,not_self
bodygraph_top_types_switch,1710939706711000,a395c4e0-b082-4656-ab48-234e464d0dec,a395c4e0-b082-4656-ab48-234e464d0dec_1710939501166,/,design
bodygraph_top_types_switch,1710939710562000,a395c4e0-b082-4656-ab48-234e464d0dec,a395c4e0-b082-4656-ab48-234e464d0dec_1710939501166,/,personality
bodygraph_top_types_switch,1710943336691000,b45ce4e3-048e-46ec-92d9-168bb239e29f,b45ce4e3-048e-46ec-92d9-168bb239e29f_1710941538694,/,not_self
bodygraph_top_types_switch,1710943338176000,b45ce4e3-048e-46ec-92d9-168bb239e29f,b45ce4e3-048e-46ec-92d9-168bb239e29f_1710941538694,/,design
bodygraph_top_types_switch,1710943339908000,b45ce4e3-048e-46ec-92d9-168bb239e29f,b45ce4e3-048e-46ec-92d9-168bb239e29f_1710941538694,/,not_self
bodygraph_top_types_switch,1710943344645000,b45ce4e3-048e-46ec-92d9-168bb239e29f,b45ce4e3-048e-46ec-92d9-168bb239e29f_1710941538694,/,design
bodygraph_top_types_switch,1710943348150000,b45ce4e3-048e-46ec-92d9-168bb239e29f,b45ce4e3-048e-46ec-92d9-168bb239e29f_1710941538694,/,personality
bodygraph_top_types_switch,1710943354006000,b45ce4e3-048e-46ec-92d9-168bb239e29f,b45ce4e3-048e-46ec-92d9-168bb239e29f_1710941538694,/,chart
bodygraph_top_types_switch,1710943356913000,b45ce4e3-048e-46ec-92d9-168bb239e29f,b45ce4e3-048e-46ec-92d9-168bb239e29f_1710941538694,/,personality
bodygraph_top_types_switch,1710945548287000,e4d967f7-a907-4b27-896f-606de88180aa,e4d967f7-a907-4b27-896f-606de88180aa_1710945391253,/,not_self
bodygraph_top_types_switch,1710945557742000,e4d967f7-a907-4b27-896f-606de88180aa,e4d967f7-a907-4b27-896f-606de88180aa_1710945391253,/,design
bodygraph_top_types_switch,1710945561012000,e4d967f7-a907-4b27-896f-606de88180aa,e4d967f7-a907-4b27-896f-606de88180aa_1710945391253,/,personality
bodygraph_top_types_switch,1710945567244000,e4d967f7-a907-4b27-896f-606de88180aa,e4d967f7-a907-4b27-896f-606de88180aa_1710945391253,/,chart
bodygraph_top_types_switch,1710945633436000,e4d967f7-a907-4b27-896f-606de88180aa,e4d967f7-a907-4b27-896f-606de88180aa_1710945391253,/,design
bodygraph_top_types_switch,1710946098585000,e4d967f7-a907-4b27-896f-606de88180aa,e4d967f7-a907-4b27-896f-606de88180aa_1710945391253,/,not_self
bodygraph_top_types_switch,1710946101553000,e4d967f7-a907-4b27-896f-606de88180aa,e4d967f7-a907-4b27-896f-606de88180aa_1710945391253,/,design
bodygraph_top_types_switch,1710946118104000,e4d967f7-a907-4b27-896f-606de88180aa,e4d967f7-a907-4b27-896f-606de88180aa_1710945391253,/,chart
bodygraph_top_types_switch,1710943207963000,f3f75a05-e7d7-4dee-844c-fdba6e4f4db5,f3f75a05-e7d7-4dee-844c-fdba6e4f4db5_1710942669644,/,personality
bodygraph_top_types_switch,1710943211209000,f3f75a05-e7d7-4dee-844c-fdba6e4f4db5,f3f75a05-e7d7-4dee-844c-fdba6e4f4db5_1710942669644,/,design
bodygraph_top_types_switch,1710943214006000,f3f75a05-e7d7-4dee-844c-fdba6e4f4db5,f3f75a05-e7d7-4dee-844c-fdba6e4f4db5_1710942669644,/,not_self
bodygraph_top_types_switch,1710949763997000,99a6bfdc-dcc4-480d-b17a-88ad59336bc3,99a6bfdc-dcc4-480d-b17a-88ad59336bc3_1710949562612,/2/httpapi,not_self
bodygraph_top_types_switch,1710949766626000,99a6bfdc-dcc4-480d-b17a-88ad59336bc3,99a6bfdc-dcc4-480d-b17a-88ad59336bc3_1710949562612,/2/httpapi,design
bodygraph_top_types_switch,1710952936133000,455c6cad-2d76-492f-b055-aca499189b80,455c6cad-2d76-492f-b055-aca499189b80_1710952710580,/,design
bodygraph_top_types_switch,1710952937671000,455c6cad-2d76-492f-b055-aca499189b80,455c6cad-2d76-492f-b055-aca499189b80_1710952710580,/,not_self
bodygraph_top_types_switch,1710952940237000,455c6cad-2d76-492f-b055-aca499189b80,455c6cad-2d76-492f-b055-aca499189b80_1710952710580,/,personality
bodygraph_top_types_switch,1710952943322000,455c6cad-2d76-492f-b055-aca499189b80,455c6cad-2d76-492f-b055-aca499189b80_1710952710580,/,chart
bodygraph_top_types_switch,1710953042835000,3a5f7fe7-4864-42cf-8ba5-e1a0df547bc4,3a5f7fe7-4864-42cf-8ba5-e1a0df547bc4_1710953026640,/,not_self
bodygraph_top_types_switch,1710953045720000,3a5f7fe7-4864-42cf-8ba5-e1a0df547bc4,3a5f7fe7-4864-42cf-8ba5-e1a0df547bc4_1710953026640,/,chart
bodygraph_top_types_switch,1710953047251000,3a5f7fe7-4864-42cf-8ba5-e1a0df547bc4,3a5f7fe7-4864-42cf-8ba5-e1a0df547bc4_1710953026640,/,not_self
bodygraph_top_types_switch,1710953049514000,3a5f7fe7-4864-42cf-8ba5-e1a0df547bc4,3a5f7fe7-4864-42cf-8ba5-e1a0df547bc4_1710953026640,/,design
bodygraph_top_types_switch,1710953053460000,3a5f7fe7-4864-42cf-8ba5-e1a0df547bc4,3a5f7fe7-4864-42cf-8ba5-e1a0df547bc4_1710953026640,/,personality
bodygraph_top_types_switch,1710953057962000,3a5f7fe7-4864-42cf-8ba5-e1a0df547bc4,3a5f7fe7-4864-42cf-8ba5-e1a0df547bc4_1710953026640,/,design
bodygraph_top_types_switch,1710953060005000,3a5f7fe7-4864-42cf-8ba5-e1a0df547bc4,3a5f7fe7-4864-42cf-8ba5-e1a0df547bc4_1710953026640,/,personality
bodygraph_top_types_switch,1710953135493000,3a5f7fe7-4864-42cf-8ba5-e1a0df547bc4,3a5f7fe7-4864-42cf-8ba5-e1a0df547bc4_1710953026640,/,design
bodygraph_top_types_switch,1710953180781000,3a5f7fe7-4864-42cf-8ba5-e1a0df547bc4,3a5f7fe7-4864-42cf-8ba5-e1a0df547bc4_1710953026640,/,personality
bodygraph_top_types_switch,1710953183189000,3a5f7fe7-4864-42cf-8ba5-e1a0df547bc4,3a5f7fe7-4864-42cf-8ba5-e1a0df547bc4_1710953026640,/,design
bodygraph_top_types_switch,1710953629570000,3a5f7fe7-4864-42cf-8ba5-e1a0df547bc4,3a5f7fe7-4864-42cf-8ba5-e1a0df547bc4_1710953026640,/,not_self
bodygraph_top_types_switch,1710953633630000,3a5f7fe7-4864-42cf-8ba5-e1a0df547bc4,3a5f7fe7-4864-42cf-8ba5-e1a0df547bc4_1710953026640,/,chart
bodygraph_top_types_switch,1710953651219000,3a5f7fe7-4864-42cf-8ba5-e1a0df547bc4,3a5f7fe7-4864-42cf-8ba5-e1a0df547bc4_1710953026640,/,not_self
bodygraph_top_types_switch,1710952068345000,d399bc0b-e5d4-42b4-a45d-ff7fbe350769,d399bc0b-e5d4-42b4-a45d-ff7fbe350769_1710951691784,/,personality
bodygraph_top_types_switch,1710957510975000,78fbfbba-4b08-497f-a3fd-a66e79097c05,78fbfbba-4b08-497f-a3fd-a66e79097c05_1710957422527,/,not_self
bodygraph_top_types_switch,1710957516010000,78fbfbba-4b08-497f-a3fd-a66e79097c05,78fbfbba-4b08-497f-a3fd-a66e79097c05_1710957422527,/,design
bodygraph_top_types_switch,1710957517388000,78fbfbba-4b08-497f-a3fd-a66e79097c05,78fbfbba-4b08-497f-a3fd-a66e79097c05_1710957422527,/,not_self
bodygraph_top_types_switch,1710957519905000,78fbfbba-4b08-497f-a3fd-a66e79097c05,78fbfbba-4b08-497f-a3fd-a66e79097c05_1710957422527,/,design
bodygraph_top_types_switch,1710957521107000,78fbfbba-4b08-497f-a3fd-a66e79097c05,78fbfbba-4b08-497f-a3fd-a66e79097c05_1710957422527,/,personality
bodygraph_top_types_switch,1710957530265000,78fbfbba-4b08-497f-a3fd-a66e79097c05,78fbfbba-4b08-497f-a3fd-a66e79097c05_1710957422527,/,design
bodygraph_top_types_switch,1710957531693000,78fbfbba-4b08-497f-a3fd-a66e79097c05,78fbfbba-4b08-497f-a3fd-a66e79097c05_1710957422527,/,not_self
bodygraph_top_types_switch,1710957532450000,78fbfbba-4b08-497f-a3fd-a66e79097c05,78fbfbba-4b08-497f-a3fd-a66e79097c05_1710957422527,/,chart
bodygraph_top_types_switch,1710957539776000,78fbfbba-4b08-497f-a3fd-a66e79097c05,78fbfbba-4b08-497f-a3fd-a66e79097c05_1710957422527,/,not_self
bodygraph_top_types_switch,1710957540694000,78fbfbba-4b08-497f-a3fd-a66e79097c05,78fbfbba-4b08-497f-a3fd-a66e79097c05_1710957422527,/,design
bodygraph_top_types_switch,1710957541644000,78fbfbba-4b08-497f-a3fd-a66e79097c05,78fbfbba-4b08-497f-a3fd-a66e79097c05_1710957422527,/,personality
bodygraph_top_types_switch,1710957550899000,78fbfbba-4b08-497f-a3fd-a66e79097c05,78fbfbba-4b08-497f-a3fd-a66e79097c05_1710957422527,/,design
bodygraph_top_types_switch,1710957551782000,78fbfbba-4b08-497f-a3fd-a66e79097c05,78fbfbba-4b08-497f-a3fd-a66e79097c05_1710957422527,/,not_self
bodygraph_top_types_switch,1710957552423000,78fbfbba-4b08-497f-a3fd-a66e79097c05,78fbfbba-4b08-497f-a3fd-a66e79097c05_1710957422527,/,chart
bodygraph_top_types_switch,1710960919101000,a962ae49-4e32-41fd-aa0c-d6221cfa6149,a962ae49-4e32-41fd-aa0c-d6221cfa6149_1710958577455,/,not_self
bodygraph_top_types_switch,1710960921897000,a962ae49-4e32-41fd-aa0c-d6221cfa6149,a962ae49-4e32-41fd-aa0c-d6221cfa6149_1710958577455,/,chart
bodygraph_top_types_switch,1710961108697000,a962ae49-4e32-41fd-aa0c-d6221cfa6149,a962ae49-4e32-41fd-aa0c-d6221cfa6149_1710958577455,/,not_self
bodygraph_top_types_switch,1710961110765000,a962ae49-4e32-41fd-aa0c-d6221cfa6149,a962ae49-4e32-41fd-aa0c-d6221cfa6149_1710958577455,/,chart
bodygraph_top_types_switch,1710957621166000,74529d66-ce69-4d13-9031-ef44d2c65c12,74529d66-ce69-4d13-9031-ef44d2c65c12_1710957331986,/,not_self
bodygraph_top_types_switch,1710957628509000,74529d66-ce69-4d13-9031-ef44d2c65c12,74529d66-ce69-4d13-9031-ef44d2c65c12_1710957331986,/,design
bodygraph_top_types_switch,1710957630213000,74529d66-ce69-4d13-9031-ef44d2c65c12,74529d66-ce69-4d13-9031-ef44d2c65c12_1710957331986,/,personality
bodygraph_top_types_switch,1710957634040000,74529d66-ce69-4d13-9031-ef44d2c65c12,74529d66-ce69-4d13-9031-ef44d2c65c12_1710957331986,/,chart
bodygraph_top_types_switch,1710957598968000,78fbfbba-4b08-497f-a3fd-a66e79097c05,78fbfbba-4b08-497f-a3fd-a66e79097c05_1710957422527,/,not_self
bodygraph_top_types_switch,1710957601076000,78fbfbba-4b08-497f-a3fd-a66e79097c05,78fbfbba-4b08-497f-a3fd-a66e79097c05_1710957422527,/,design
bodygraph_top_types_switch,1710957602988000,78fbfbba-4b08-497f-a3fd-a66e79097c05,78fbfbba-4b08-497f-a3fd-a66e79097c05_1710957422527,/,personality
bodygraph_top_types_switch,1710958420215000,edb1880a-d89c-4a48-8b77-1711182bd917,edb1880a-d89c-4a48-8b77-1711182bd917_1710957860501,/,not_self
bodygraph_top_types_switch,1710958425056000,edb1880a-d89c-4a48-8b77-1711182bd917,edb1880a-d89c-4a48-8b77-1711182bd917_1710957860501,/,chart
bodygraph_top_types_switch,1710958428131000,edb1880a-d89c-4a48-8b77-1711182bd917,edb1880a-d89c-4a48-8b77-1711182bd917_1710957860501,/,not_self
bodygraph_top_types_switch,1710958442546000,edb1880a-d89c-4a48-8b77-1711182bd917,edb1880a-d89c-4a48-8b77-1711182bd917_1710957860501,/,not_self
bodygraph_top_types_switch,1710960724036000,08d0be44-a87a-43ae-9a20-e5834c163172,08d0be44-a87a-43ae-9a20-e5834c163172_1710960636107,/,design
bodygraph_top_types_switch,1710960783491000,08d0be44-a87a-43ae-9a20-e5834c163172,08d0be44-a87a-43ae-9a20-e5834c163172_1710960636107,/,personality
bodygraph_top_types_switch,1710962190791000,613ea8c4-3908-45fd-a165-071e10b0319e,613ea8c4-3908-45fd-a165-071e10b0319e_1710962181324,/,personality
bodygraph_top_types_switch,1710962193215000,613ea8c4-3908-45fd-a165-071e10b0319e,613ea8c4-3908-45fd-a165-071e10b0319e_1710962181324,/,chart
bodygraph_top_types_switch,1710961325194000,a962ae49-4e32-41fd-aa0c-d6221cfa6149,a962ae49-4e32-41fd-aa0c-d6221cfa6149_1710958577455,/,not_self
bodygraph_top_types_switch,1710961514376000,a962ae49-4e32-41fd-aa0c-d6221cfa6149,a962ae49-4e32-41fd-aa0c-d6221cfa6149_1710958577455,/,personality
bodygraph_top_types_switch,1710962076920000,a962ae49-4e32-41fd-aa0c-d6221cfa6149,a962ae49-4e32-41fd-aa0c-d6221cfa6149_1710958577455,/,chart
bodygraph_top_types_switch,1710962107216000,a962ae49-4e32-41fd-aa0c-d6221cfa6149,a962ae49-4e32-41fd-aa0c-d6221cfa6149_1710958577455,/,personality
bodygraph_top_types_switch,1710964563267000,2b969b36-e4f8-4503-b70b-e99eaeed7cf4,2b969b36-e4f8-4503-b70b-e99eaeed7cf4_1710964121382,/,not_self
bodygraph_top_types_switch,1710964624905000,2b969b36-e4f8-4503-b70b-e99eaeed7cf4,2b969b36-e4f8-4503-b70b-e99eaeed7cf4_1710964121382,/,design
bodygraph_top_types_switch,1710964633200000,2b969b36-e4f8-4503-b70b-e99eaeed7cf4,2b969b36-e4f8-4503-b70b-e99eaeed7cf4_1710964121382,/,personality
bodygraph_top_types_switch,1710964635099000,2b969b36-e4f8-4503-b70b-e99eaeed7cf4,2b969b36-e4f8-4503-b70b-e99eaeed7cf4_1710964121382,/,chart
bodygraph_top_types_switch,1710963307226000,d429f7aa-1bdf-4318-a70c-8a6850394f7c,d429f7aa-1bdf-4318-a70c-8a6850394f7c_1710963236740,/,not_self
bodygraph_top_types_switch,1710963308966000,d429f7aa-1bdf-4318-a70c-8a6850394f7c,d429f7aa-1bdf-4318-a70c-8a6850394f7c_1710963236740,/,design
bodygraph_top_types_switch,1710963311410000,d429f7aa-1bdf-4318-a70c-8a6850394f7c,d429f7aa-1bdf-4318-a70c-8a6850394f7c_1710963236740,/,personality
bodygraph_top_types_switch,1710961427731000,48cafcc3-23fc-49cd-8e8c-834382ee7858,48cafcc3-23fc-49cd-8e8c-834382ee7858_1710961408387,/,not_self
bodygraph_top_types_switch,1710901020549000,5484c2b5-d1c3-42c3-8c04-0db14acf80c7,5484c2b5-d1c3-42c3-8c04-0db14acf80c7_1710901010293,/,not_self
bodygraph_top_types_switch,1710901905404000,9a874124-8bf1-4070-8cca-68a006a36a37,9a874124-8bf1-4070-8cca-68a006a36a37_1710900966657,/,not_self
bodygraph_top_types_switch,1710901942738000,9a874124-8bf1-4070-8cca-68a006a36a37,9a874124-8bf1-4070-8cca-68a006a36a37_1710900966657,/,design
bodygraph_top_types_switch,1710901975227000,9a874124-8bf1-4070-8cca-68a006a36a37,9a874124-8bf1-4070-8cca-68a006a36a37_1710900966657,/,personality
bodygraph_top_types_switch,1710966595955000,2b969b36-e4f8-4503-b70b-e99eaeed7cf4,2b969b36-e4f8-4503-b70b-e99eaeed7cf4_1710966422991,/,not_self
bodygraph_top_types_switch,1710966599811000,2b969b36-e4f8-4503-b70b-e99eaeed7cf4,2b969b36-e4f8-4503-b70b-e99eaeed7cf4_1710966422991,/,design
bodygraph_top_types_switch,1710966601228000,2b969b36-e4f8-4503-b70b-e99eaeed7cf4,2b969b36-e4f8-4503-b70b-e99eaeed7cf4_1710966422991,/,not_self
bodygraph_top_types_switch,1710966621105000,2b969b36-e4f8-4503-b70b-e99eaeed7cf4,2b969b36-e4f8-4503-b70b-e99eaeed7cf4_1710966422991,/,chart
bodygraph_top_types_switch,1710966362876000,ea05cd28-2199-4434-8d12-111e717bdd4e,ea05cd28-2199-4434-8d12-111e717bdd4e_1710965404973,/,not_self
bodygraph_top_types_switch,1710966366575000,ea05cd28-2199-4434-8d12-111e717bdd4e,ea05cd28-2199-4434-8d12-111e717bdd4e_1710965404973,/,chart
bodygraph_top_types_switch,1710966371413000,ea05cd28-2199-4434-8d12-111e717bdd4e,ea05cd28-2199-4434-8d12-111e717bdd4e_1710965404973,/,design
bodygraph_top_types_switch,1710966373880000,ea05cd28-2199-4434-8d12-111e717bdd4e,ea05cd28-2199-4434-8d12-111e717bdd4e_1710965404973,/,personality
bodygraph_top_types_switch,1710966375509000,ea05cd28-2199-4434-8d12-111e717bdd4e,ea05cd28-2199-4434-8d12-111e717bdd4e_1710965404973,/,chart
bodygraph_top_types_switch,1710966631946000,ea05cd28-2199-4434-8d12-111e717bdd4e,ea05cd28-2199-4434-8d12-111e717bdd4e_1710965404973,/,not_self
bodygraph_top_types_switch,1710966633021000,ea05cd28-2199-4434-8d12-111e717bdd4e,ea05cd28-2199-4434-8d12-111e717bdd4e_1710965404973,/,design
bodygraph_top_types_switch,1710966633850000,ea05cd28-2199-4434-8d12-111e717bdd4e,ea05cd28-2199-4434-8d12-111e717bdd4e_1710965404973,/,personality
bodygraph_top_types_switch,1710966636087000,ea05cd28-2199-4434-8d12-111e717bdd4e,ea05cd28-2199-4434-8d12-111e717bdd4e_1710965404973,/,chart
bodygraph_top_types_switch,1710971657905000,a2a5d85f-2979-4bf1-b890-666ff5a89123,a2a5d85f-2979-4bf1-b890-666ff5a89123_1710971645978,/,not_self
bodygraph_top_types_switch,1710971661203000,a2a5d85f-2979-4bf1-b890-666ff5a89123,a2a5d85f-2979-4bf1-b890-666ff5a89123_1710971645978,/,design
bodygraph_top_types_switch,1710291173414000,601e177f-e0c8-4196-9faa-b78576a428bc,601e177f-e0c8-4196-9faa-b78576a428bc_1710291133199,/,not_self
bodygraph_top_types_switch,1710291175825000,601e177f-e0c8-4196-9faa-b78576a428bc,601e177f-e0c8-4196-9faa-b78576a428bc_1710291133199,/,design
bodygraph_top_types_switch,1710291177810000,601e177f-e0c8-4196-9faa-b78576a428bc,601e177f-e0c8-4196-9faa-b78576a428bc_1710291133199,/,personality
bodygraph_top_types_switch,1710291182517000,601e177f-e0c8-4196-9faa-b78576a428bc,601e177f-e0c8-4196-9faa-b78576a428bc_1710291133199,/,not_self
bodygraph_top_types_switch,1710291183952000,601e177f-e0c8-4196-9faa-b78576a428bc,601e177f-e0c8-4196-9faa-b78576a428bc_1710291133199,/,design
bodygraph_top_types_switch,1710291191705000,601e177f-e0c8-4196-9faa-b78576a428bc,601e177f-e0c8-4196-9faa-b78576a428bc_1710291133199,/,chart
bodygraph_top_types_switch,1710969235088000,1d7e3fd1-c516-4409-84ba-a8754e1eb95c,1d7e3fd1-c516-4409-84ba-a8754e1eb95c_1710969218051,/,not_self
bodygraph_top_types_switch,1710969236945000,1d7e3fd1-c516-4409-84ba-a8754e1eb95c,1d7e3fd1-c516-4409-84ba-a8754e1eb95c_1710969218051,/,design
bodygraph_top_types_switch,1710969238983000,1d7e3fd1-c516-4409-84ba-a8754e1eb95c,1d7e3fd1-c516-4409-84ba-a8754e1eb95c_1710969218051,/,personality
bodygraph_top_types_switch,1710969240972000,1d7e3fd1-c516-4409-84ba-a8754e1eb95c,1d7e3fd1-c516-4409-84ba-a8754e1eb95c_1710969218051,/,chart
bodygraph_top_types_switch,1710969814664000,ab2cbdeb-7a40-4fd4-a0d9-21b13c01011b,ab2cbdeb-7a40-4fd4-a0d9-21b13c01011b_1710969627784,/,personality
bodygraph_top_types_switch,1710969816761000,ab2cbdeb-7a40-4fd4-a0d9-21b13c01011b,ab2cbdeb-7a40-4fd4-a0d9-21b13c01011b_1710969627784,/,design
bodygraph_top_types_switch,1710969818895000,ab2cbdeb-7a40-4fd4-a0d9-21b13c01011b,ab2cbdeb-7a40-4fd4-a0d9-21b13c01011b_1710969627784,/,not_self
bodygraph_top_types_switch,1710971274747000,ea494e5f-c230-4ff0-a871-a3358ce15f20,ea494e5f-c230-4ff0-a871-a3358ce15f20_1710969505916,/,not_self
bodygraph_top_types_switch,1710971448762000,ea494e5f-c230-4ff0-a871-a3358ce15f20,ea494e5f-c230-4ff0-a871-a3358ce15f20_1710969505916,/,chart
bodygraph_top_types_switch,1710971451576000,ea494e5f-c230-4ff0-a871-a3358ce15f20,ea494e5f-c230-4ff0-a871-a3358ce15f20_1710969505916,/,not_self
bodygraph_top_types_switch,1710971470550000,ea494e5f-c230-4ff0-a871-a3358ce15f20,ea494e5f-c230-4ff0-a871-a3358ce15f20_1710969505916,/,design
bodygraph_top_types_switch,1710971520952000,ea494e5f-c230-4ff0-a871-a3358ce15f20,ea494e5f-c230-4ff0-a871-a3358ce15f20_1710969505916,/,personality
bodygraph_top_types_switch,1710971681970000,ea494e5f-c230-4ff0-a871-a3358ce15f20,ea494e5f-c230-4ff0-a871-a3358ce15f20_1710969505916,/,chart
bodygraph_top_types_switch,1710971704163000,ea494e5f-c230-4ff0-a871-a3358ce15f20,ea494e5f-c230-4ff0-a871-a3358ce15f20_1710969505916,/,not_self
bodygraph_top_types_switch,1710971708660000,ea494e5f-c230-4ff0-a871-a3358ce15f20,ea494e5f-c230-4ff0-a871-a3358ce15f20_1710969505916,/,design
bodygraph_top_types_switch,1710971712466000,ea494e5f-c230-4ff0-a871-a3358ce15f20,ea494e5f-c230-4ff0-a871-a3358ce15f20_1710969505916,/,personality
bodygraph_top_types_switch,1710972609257000,088a3376-017b-4a81-a3a9-b8fb63629775,088a3376-017b-4a81-a3a9-b8fb63629775_1710972009207,/,not_self
bodygraph_top_types_switch,1710972553912000,76bf5647-6434-45f9-9b4a-7c1fc1acba50,76bf5647-6434-45f9-9b4a-7c1fc1acba50_1710972226300,/,personality
bodygraph_top_types_switch,1710972583120000,76bf5647-6434-45f9-9b4a-7c1fc1acba50,76bf5647-6434-45f9-9b4a-7c1fc1acba50_1710972226300,/,design
bodygraph_top_types_switch,1710972585055000,76bf5647-6434-45f9-9b4a-7c1fc1acba50,76bf5647-6434-45f9-9b4a-7c1fc1acba50_1710972226300,/,not_self
bodygraph_top_types_switch,1710972588391000,76bf5647-6434-45f9-9b4a-7c1fc1acba50,76bf5647-6434-45f9-9b4a-7c1fc1acba50_1710972226300,/,chart
bodygraph_top_types_switch,1710973458919000,76bf5647-6434-45f9-9b4a-7c1fc1acba50,76bf5647-6434-45f9-9b4a-7c1fc1acba50_1710972226300,/,personality
bodygraph_top_types_switch,1710973565025000,76bf5647-6434-45f9-9b4a-7c1fc1acba50,76bf5647-6434-45f9-9b4a-7c1fc1acba50_1710972226300,/,personality
bodygraph_top_types_switch,1710973566039000,76bf5647-6434-45f9-9b4a-7c1fc1acba50,76bf5647-6434-45f9-9b4a-7c1fc1acba50_1710972226300,/,personality
bodygraph_top_types_switch,1710973566869000,76bf5647-6434-45f9-9b4a-7c1fc1acba50,76bf5647-6434-45f9-9b4a-7c1fc1acba50_1710972226300,/,design
bodygraph_top_types_switch,1710973570564000,76bf5647-6434-45f9-9b4a-7c1fc1acba50,76bf5647-6434-45f9-9b4a-7c1fc1acba50_1710972226300,/,not_self
bodygraph_top_types_switch,1710973571852000,76bf5647-6434-45f9-9b4a-7c1fc1acba50,76bf5647-6434-45f9-9b4a-7c1fc1acba50_1710972226300,/,chart
bodygraph_top_types_switch,1710973573116000,76bf5647-6434-45f9-9b4a-7c1fc1acba50,76bf5647-6434-45f9-9b4a-7c1fc1acba50_1710972226300,/,personality
bodygraph_top_types_switch,1710974168956000,76bf5647-6434-45f9-9b4a-7c1fc1acba50,76bf5647-6434-45f9-9b4a-7c1fc1acba50_1710972226300,/,not_self
bodygraph_top_types_switch,1710974171532000,76bf5647-6434-45f9-9b4a-7c1fc1acba50,76bf5647-6434-45f9-9b4a-7c1fc1acba50_1710972226300,/,chart
bodygraph_top_types_switch,1710974825871000,76bf5647-6434-45f9-9b4a-7c1fc1acba50,76bf5647-6434-45f9-9b4a-7c1fc1acba50_1710974665994,/,personality
bodygraph_top_types_switch,1710974718508000,db2e9515-1e72-4c80-ba86-8ba946438e2f,db2e9515-1e72-4c80-ba86-8ba946438e2f_1710973550537,/,not_self
bodygraph_top_types_switch,1710974728812000,db2e9515-1e72-4c80-ba86-8ba946438e2f,db2e9515-1e72-4c80-ba86-8ba946438e2f_1710973550537,/,chart
bodygraph_top_types_switch,1710974730188000,db2e9515-1e72-4c80-ba86-8ba946438e2f,db2e9515-1e72-4c80-ba86-8ba946438e2f_1710973550537,/,design
bodygraph_top_types_switch,1710977418769000,f6526e43-f28a-460b-a709-28b2b9cbba91,f6526e43-f28a-460b-a709-28b2b9cbba91_1710977410258,/,not_self
bodygraph_top_types_switch,1710976130338000,db2e9515-1e72-4c80-ba86-8ba946438e2f,db2e9515-1e72-4c80-ba86-8ba946438e2f_1710973550537,/,personality
bodygraph_top_types_switch,1710976141984000,db2e9515-1e72-4c80-ba86-8ba946438e2f,db2e9515-1e72-4c80-ba86-8ba946438e2f_1710973550537,/,design
bodygraph_top_types_switch,1710976148100000,db2e9515-1e72-4c80-ba86-8ba946438e2f,db2e9515-1e72-4c80-ba86-8ba946438e2f_1710973550537,/,not_self
bodygraph_top_types_switch,1710978049784000,5d3a1992-4990-46a6-b7d2-b3d06a79d190,5d3a1992-4990-46a6-b7d2-b3d06a79d190_1710976575071,/,not_self
bodygraph_top_types_switch,1710978897836000,5d3a1992-4990-46a6-b7d2-b3d06a79d190,5d3a1992-4990-46a6-b7d2-b3d06a79d190_1710976575071,/,design
bodygraph_top_types_switch,1710978924072000,5d3a1992-4990-46a6-b7d2-b3d06a79d190,5d3a1992-4990-46a6-b7d2-b3d06a79d190_1710976575071,/,personality
bodygraph_top_types_switch,1710978932365000,5d3a1992-4990-46a6-b7d2-b3d06a79d190,5d3a1992-4990-46a6-b7d2-b3d06a79d190_1710976575071,/,design
bodygraph_top_types_switch,1710978947653000,5d3a1992-4990-46a6-b7d2-b3d06a79d190,5d3a1992-4990-46a6-b7d2-b3d06a79d190_1710976575071,/,personality
bodygraph_top_types_switch,1710978951236000,5d3a1992-4990-46a6-b7d2-b3d06a79d190,5d3a1992-4990-46a6-b7d2-b3d06a79d190_1710976575071,/,chart
bodygraph_top_types_switch,1710977504522000,066aec0d-9962-4a16-a31c-abebf824ca51,066aec0d-9962-4a16-a31c-abebf824ca51_1710977203070,/,design
bodygraph_top_types_switch,1710977509269000,066aec0d-9962-4a16-a31c-abebf824ca51,066aec0d-9962-4a16-a31c-abebf824ca51_1710977203070,/,personality
bodygraph_top_types_switch,1710903783529000,d2b54ad0-dda0-4fe2-aab9-4663f5e86b54,d2b54ad0-dda0-4fe2-aab9-4663f5e86b54_1710902938133,/,not_self
bodygraph_top_types_switch,1710907294562000,1ee68721-2519-4c3e-b480-f35f17c07b29,1ee68721-2519-4c3e-b480-f35f17c07b29_1710907227071,/,design
bodygraph_top_types_switch,1710907295938000,1ee68721-2519-4c3e-b480-f35f17c07b29,1ee68721-2519-4c3e-b480-f35f17c07b29_1710907227071,/,not_self
bodygraph_top_types_switch,1710907388500000,1ee68721-2519-4c3e-b480-f35f17c07b29,1ee68721-2519-4c3e-b480-f35f17c07b29_1710907227071,/,design
bodygraph_top_types_switch,1710910964651000,13df49f6-21d0-4b83-b9ce-0450d727a746,13df49f6-21d0-4b83-b9ce-0450d727a746_1710910873889,/,not_self
bodygraph_top_types_switch,1710910975985000,13df49f6-21d0-4b83-b9ce-0450d727a746,13df49f6-21d0-4b83-b9ce-0450d727a746_1710910873889,/,chart
bodygraph_top_types_switch,1710910986667000,13df49f6-21d0-4b83-b9ce-0450d727a746,13df49f6-21d0-4b83-b9ce-0450d727a746_1710910873889,/,personality
bodygraph_top_types_switch,1710910992025000,13df49f6-21d0-4b83-b9ce-0450d727a746,13df49f6-21d0-4b83-b9ce-0450d727a746_1710910873889,/,design
bodygraph_top_types_switch,1710911523268000,13df49f6-21d0-4b83-b9ce-0450d727a746,13df49f6-21d0-4b83-b9ce-0450d727a746_1710910873889,/,chart
bodygraph_top_types_switch,1710911539633000,13df49f6-21d0-4b83-b9ce-0450d727a746,13df49f6-21d0-4b83-b9ce-0450d727a746_1710910873889,/,design
bodygraph_top_types_switch,1710917959671000,c9eb6bd2-245a-4bb8-909a-1c323590a9ab,c9eb6bd2-245a-4bb8-909a-1c323590a9ab_1710917929414,/,not_self
bodygraph_top_types_switch,1710917963996000,c9eb6bd2-245a-4bb8-909a-1c323590a9ab,c9eb6bd2-245a-4bb8-909a-1c323590a9ab_1710917929414,/,design
bodygraph_top_types_switch,1710917967029000,c9eb6bd2-245a-4bb8-909a-1c323590a9ab,c9eb6bd2-245a-4bb8-909a-1c323590a9ab_1710917929414,/,personality
bodygraph_top_types_switch,1710917971489000,c9eb6bd2-245a-4bb8-909a-1c323590a9ab,c9eb6bd2-245a-4bb8-909a-1c323590a9ab_1710917929414,/,chart
bodygraph_top_types_switch,1710914914393000,147d732a-eeab-416b-85b5-45b55ebab8b0,147d732a-eeab-416b-85b5-45b55ebab8b0_1710914541500,/,design
bodygraph_top_types_switch,1710915039044000,147d732a-eeab-416b-85b5-45b55ebab8b0,147d732a-eeab-416b-85b5-45b55ebab8b0_1710914541500,/,design
bodygraph_top_types_switch,1710915040164000,147d732a-eeab-416b-85b5-45b55ebab8b0,147d732a-eeab-416b-85b5-45b55ebab8b0_1710914541500,/,design
bodygraph_top_types_switch,1710915828367000,147d732a-eeab-416b-85b5-45b55ebab8b0,147d732a-eeab-416b-85b5-45b55ebab8b0_1710914541500,/,personality
bodygraph_top_types_switch,1710915696585000,c1238419-f3d0-445f-a45f-be7fc7a36202,c1238419-f3d0-445f-a45f-be7fc7a36202_1710915671917,/,not_self
bodygraph_top_types_switch,1710920073887000,17aa38d2-724a-434f-8000-b86ebd4a7fe1,17aa38d2-724a-434f-8000-b86ebd4a7fe1_1710920053778,/,not_self
bodygraph_top_types_switch,1710920084205000,17aa38d2-724a-434f-8000-b86ebd4a7fe1,17aa38d2-724a-434f-8000-b86ebd4a7fe1_1710920053778,/,chart
bodygraph_top_types_switch,1710920085490000,17aa38d2-724a-434f-8000-b86ebd4a7fe1,17aa38d2-724a-434f-8000-b86ebd4a7fe1_1710920053778,/,not_self
bodygraph_top_types_switch,1710920086711000,17aa38d2-724a-434f-8000-b86ebd4a7fe1,17aa38d2-724a-434f-8000-b86ebd4a7fe1_1710920053778,/,chart
bodygraph_top_types_switch,1710920090750000,17aa38d2-724a-434f-8000-b86ebd4a7fe1,17aa38d2-724a-434f-8000-b86ebd4a7fe1_1710920053778,/,design
bodygraph_top_types_switch,1710920097176000,17aa38d2-724a-434f-8000-b86ebd4a7fe1,17aa38d2-724a-434f-8000-b86ebd4a7fe1_1710920053778,/,not_self
bodygraph_top_types_switch,1710920100605000,17aa38d2-724a-434f-8000-b86ebd4a7fe1,17aa38d2-724a-434f-8000-b86ebd4a7fe1_1710920053778,/,chart
bodygraph_top_types_switch,1710923934724000,d2100966-0b18-4eac-8c12-007e7ee04c0a,d2100966-0b18-4eac-8c12-007e7ee04c0a_1710923905568,/,not_self
bodygraph_top_types_switch,1710923941479000,d2100966-0b18-4eac-8c12-007e7ee04c0a,d2100966-0b18-4eac-8c12-007e7ee04c0a_1710923905568,/,design
bodygraph_top_types_switch,1710923943146000,d2100966-0b18-4eac-8c12-007e7ee04c0a,d2100966-0b18-4eac-8c12-007e7ee04c0a_1710923905568,/,personality
bodygraph_top_types_switch,1710923913394000,5636b84e-de8a-4c61-9ff1-303e7874e056,5636b84e-de8a-4c61-9ff1-303e7874e056_1710923677696,/,design
bodygraph_top_types_switch,1710923915701000,5636b84e-de8a-4c61-9ff1-303e7874e056,5636b84e-de8a-4c61-9ff1-303e7874e056_1710923677696,/,not_self
bodygraph_top_types_switch,1710923917082000,5636b84e-de8a-4c61-9ff1-303e7874e056,5636b84e-de8a-4c61-9ff1-303e7874e056_1710923677696,/,design
bodygraph_top_types_switch,1710923918262000,5636b84e-de8a-4c61-9ff1-303e7874e056,5636b84e-de8a-4c61-9ff1-303e7874e056_1710923677696,/,personality
bodygraph_top_types_switch,1710921728872000,cb8843ee-fc8c-4bc6-9cee-eb22f556ed8a,cb8843ee-fc8c-4bc6-9cee-eb22f556ed8a_1710921680979,/,design
bodygraph_top_types_switch,1710921734864000,cb8843ee-fc8c-4bc6-9cee-eb22f556ed8a,cb8843ee-fc8c-4bc6-9cee-eb22f556ed8a_1710921680979,/,personality
bodygraph_top_types_switch,1710922510483000,540a8a57-48ab-4b57-90eb-103da4d5ea5b,540a8a57-48ab-4b57-90eb-103da4d5ea5b_1710922479318,/,not_self
bodygraph_top_types_switch,1710922513507000,540a8a57-48ab-4b57-90eb-103da4d5ea5b,540a8a57-48ab-4b57-90eb-103da4d5ea5b_1710922479318,/,design
bodygraph_top_types_switch,1710922517837000,540a8a57-48ab-4b57-90eb-103da4d5ea5b,540a8a57-48ab-4b57-90eb-103da4d5ea5b_1710922479318,/,personality
bodygraph_top_types_switch,1710922522707000,540a8a57-48ab-4b57-90eb-103da4d5ea5b,540a8a57-48ab-4b57-90eb-103da4d5ea5b_1710922479318,/,design
bodygraph_top_types_switch,1710922525300000,540a8a57-48ab-4b57-90eb-103da4d5ea5b,540a8a57-48ab-4b57-90eb-103da4d5ea5b_1710922479318,/,not_self
bodygraph_top_types_switch,1710922528622000,540a8a57-48ab-4b57-90eb-103da4d5ea5b,540a8a57-48ab-4b57-90eb-103da4d5ea5b_1710922479318,/,chart
bodygraph_top_types_switch,1710924157318000,de9aac96-7e17-4168-9fac-0d8047867b1e,de9aac96-7e17-4168-9fac-0d8047867b1e_1710923051281,/,not_self
bodygraph_top_types_switch,1710924184792000,de9aac96-7e17-4168-9fac-0d8047867b1e,de9aac96-7e17-4168-9fac-0d8047867b1e_1710923051281,/,chart
bodygraph_top_types_switch,1710923781580000,a6049fda-8e0c-4883-bb13-33090c66a6a3,a6049fda-8e0c-4883-bb13-33090c66a6a3_1710922884177,/,personality
bodygraph_top_types_switch,1710923786257000,a6049fda-8e0c-4883-bb13-33090c66a6a3,a6049fda-8e0c-4883-bb13-33090c66a6a3_1710922884177,/,design
bodygraph_top_types_switch,1710923789668000,a6049fda-8e0c-4883-bb13-33090c66a6a3,a6049fda-8e0c-4883-bb13-33090c66a6a3_1710922884177,/,not_self
bodygraph_top_types_switch,1710925216733000,35b09107-4bc9-47b8-be9d-3acfadf549f2,35b09107-4bc9-47b8-be9d-3acfadf549f2_1710925117138,/,not_self
bodygraph_top_types_switch,1710925338324000,35b09107-4bc9-47b8-be9d-3acfadf549f2,35b09107-4bc9-47b8-be9d-3acfadf549f2_1710925117138,/,chart
bodygraph_top_types_switch,1710925346611000,35b09107-4bc9-47b8-be9d-3acfadf549f2,35b09107-4bc9-47b8-be9d-3acfadf549f2_1710925117138,/,not_self
bodygraph_top_types_switch,1710925394962000,35b09107-4bc9-47b8-be9d-3acfadf549f2,35b09107-4bc9-47b8-be9d-3acfadf549f2_1710925117138,/,design
bodygraph_top_types_switch,1710925417895000,35b09107-4bc9-47b8-be9d-3acfadf549f2,35b09107-4bc9-47b8-be9d-3acfadf549f2_1710925117138,/,personality
bodygraph_top_types_switch,1710925797476000,35b09107-4bc9-47b8-be9d-3acfadf549f2,35b09107-4bc9-47b8-be9d-3acfadf549f2_1710925117138,/,design
bodygraph_top_types_switch,1710926404588000,35b09107-4bc9-47b8-be9d-3acfadf549f2,35b09107-4bc9-47b8-be9d-3acfadf549f2_1710925117138,/,chart
bodygraph_top_types_switch,1710926426432000,35b09107-4bc9-47b8-be9d-3acfadf549f2,35b09107-4bc9-47b8-be9d-3acfadf549f2_1710925117138,/,not_self
bodygraph_top_types_switch,1710926451367000,35b09107-4bc9-47b8-be9d-3acfadf549f2,35b09107-4bc9-47b8-be9d-3acfadf549f2_1710925117138,/,design
bodygraph_top_types_switch,1710926453678000,35b09107-4bc9-47b8-be9d-3acfadf549f2,35b09107-4bc9-47b8-be9d-3acfadf549f2_1710925117138,/,personality
bodygraph_top_types_switch,1710926800742000,35b09107-4bc9-47b8-be9d-3acfadf549f2,35b09107-4bc9-47b8-be9d-3acfadf549f2_1710925117138,/,not_self
bodygraph_top_types_switch,1710926803636000,35b09107-4bc9-47b8-be9d-3acfadf549f2,35b09107-4bc9-47b8-be9d-3acfadf549f2_1710925117138,/,chart
bodygraph_top_types_switch,1710926837147000,35b09107-4bc9-47b8-be9d-3acfadf549f2,35b09107-4bc9-47b8-be9d-3acfadf549f2_1710925117138,/,not_self
bodygraph_top_types_switch,1710926840752000,35b09107-4bc9-47b8-be9d-3acfadf549f2,35b09107-4bc9-47b8-be9d-3acfadf549f2_1710925117138,/,chart
