event_name,event_timestamp,user_pseudo_id,unique_session_id,data.path,event_properties.variationId
event_paywall_open,1708391730579000,120f5560-398d-4cbe-baa5-8e2f1075ab9e,120f5560-398d-4cbe-baa5-8e2f1075ab9e_1708391729583,/,f6f87b59-2c59-4152-bed9-09b0cb8cad97
event_paywall_open,1710894919352000,120f5560-398d-4cbe-baa5-8e2f1075ab9e,120f5560-398d-4cbe-baa5-8e2f1075ab9e_1710894918280,/,3ee6c874-e2a8-4c2e-a2ae-48ae41c975ba
event_paywall_open,1709313210373000,95985fb4-eff2-481d-8b28-71cea5a63c2b,95985fb4-eff2-481d-8b28-71cea5a63c2b_1709313208662,/,3ee6c874-e2a8-4c2e-a2ae-48ae41c975ba
event_paywall_open,1710894859524000,49c5653b-5c3f-4eb9-a2a8-cd94a52610f6,49c5653b-5c3f-4eb9-a2a8-cd94a52610f6_1710894858665,/,3ee6c874-e2a8-4c2e-a2ae-48ae41c975ba
event_paywall_open,1710893722734000,d7da3762-12f5-4a08-a710-22bba61eb155,d7da3762-12f5-4a08-a710-22bba61eb155_1710893720354,/,3ee6c874-e2a8-4c2e-a2ae-48ae41c975ba
event_paywall_open,1710893322839000,823c8607-14df-4729-a8ad-e81656beffed,823c8607-14df-4729-a8ad-e81656beffed_1710892945030,/,3ee6c874-e2a8-4c2e-a2ae-48ae41c975ba
event_paywall_open,1710893807930000,6ff3c4e1-4eb6-48a2-b5e5-399ebec9aa8d,6ff3c4e1-4eb6-48a2-b5e5-399ebec9aa8d_1710893684725,/,3ee6c874-e2a8-4c2e-a2ae-48ae41c975ba
event_paywall_open,1710893817125000,6ff3c4e1-4eb6-48a2-b5e5-399ebec9aa8d,6ff3c4e1-4eb6-48a2-b5e5-399ebec9aa8d_1710893684725,/,3ee6c874-e2a8-4c2e-a2ae-48ae41c975ba
event_paywall_open,1710893978646000,7010124d-4e1c-487c-9c51-f96f8e0d5dfa,7010124d-4e1c-487c-9c51-f96f8e0d5dfa_1710893863712,/,3ee6c874-e2a8-4c2e-a2ae-48ae41c975ba
event_paywall_open,1710894161187000,d5597eb2-25d4-4424-ae70-5a7deba4b201,d5597eb2-25d4-4424-ae70-5a7deba4b201_1710894047110,/,3ee6c874-e2a8-4c2e-a2ae-48ae41c975ba
event_paywall_open,1710894184871000,d5597eb2-25d4-4424-ae70-5a7deba4b201,d5597eb2-25d4-4424-ae70-5a7deba4b201_1710894047110,/,f1f758c6-f81a-4133-8d64-b8fb6286260d
event_paywall_open,1710894190182000,d5597eb2-25d4-4424-ae70-5a7deba4b201,d5597eb2-25d4-4424-ae70-5a7deba4b201_1710894047110,/,3ee6c874-e2a8-4c2e-a2ae-48ae41c975ba
event_paywall_open,1710894197973000,d5597eb2-25d4-4424-ae70-5a7deba4b201,d5597eb2-25d4-4424-ae70-5a7deba4b201_1710894047110,/,f1f758c6-f81a-4133-8d64-b8fb6286260d
event_paywall_open,1710894247947000,d5597eb2-25d4-4424-ae70-5a7deba4b201,d5597eb2-25d4-4424-ae70-5a7deba4b201_1710894047110,/,3ee6c874-e2a8-4c2e-a2ae-48ae41c975ba
event_paywall_open,1710894256544000,d5597eb2-25d4-4424-ae70-5a7deba4b201,d5597eb2-25d4-4424-ae70-5a7deba4b201_1710894047110,/,f1f758c6-f81a-4133-8d64-b8fb6286260d
event_paywall_open,1710894258391000,d5597eb2-25d4-4424-ae70-5a7deba4b201,d5597eb2-25d4-4424-ae70-5a7deba4b201_1710894047110,/,3ee6c874-e2a8-4c2e-a2ae-48ae41c975ba
event_paywall_open,1710894410215000,d5597eb2-25d4-4424-ae70-5a7deba4b201,d5597eb2-25d4-4424-ae70-5a7deba4b201_1710894047110,/,f1f758c6-f81a-4133-8d64-b8fb6286260d
event_paywall_open,1710894457583000,d5597eb2-25d4-4424-ae70-5a7deba4b201,d5597eb2-25d4-4424-ae70-5a7deba4b201_1710894047110,/,3ee6c874-e2a8-4c2e-a2ae-48ae41c975ba
event_paywall_open,1710894221394000,d0b01eb8-d4b5-4f3d-97cb-f49a0d606e44,d0b01eb8-d4b5-4f3d-97cb-f49a0d606e44_1710894094523,/,3ee6c874-e2a8-4c2e-a2ae-48ae41c975ba
event_paywall_open,1710895093457000,9a874124-8bf1-4070-8cca-68a006a36a37,9a874124-8bf1-4070-8cca-68a006a36a37_1710894794486,/,3ee6c874-e2a8-4c2e-a2ae-48ae41c975ba
event_paywall_open,1710895160971000,9a874124-8bf1-4070-8cca-68a006a36a37,9a874124-8bf1-4070-8cca-68a006a36a37_1710894794486,/,23302041-9176-40ad-b7bd-686ff255035b
event_paywall_open,1710895787913000,b901edde-75f7-4031-b346-dc4ebfb05e55,b901edde-75f7-4031-b346-dc4ebfb05e55_1710895690698,/,3ee6c874-e2a8-4c2e-a2ae-48ae41c975ba
event_paywall_open,1707614803251000,b3336ce4-fc89-461b-8532-9ae72e14a1d5,b3336ce4-fc89-461b-8532-9ae72e14a1d5_1707614799223,/,9430e36a-4887-4f28-a2c4-cf3a5971e33e
event_paywall_open,1709395225433000,001caa52-6f22-4c97-acbe-5d3eb1922080,001caa52-6f22-4c97-acbe-5d3eb1922080_1709395220779,/,3ee6c874-e2a8-4c2e-a2ae-48ae41c975ba
event_paywall_open,1710898787361000,001caa52-6f22-4c97-acbe-5d3eb1922080,001caa52-6f22-4c97-acbe-5d3eb1922080_1710898786133,/,3ee6c874-e2a8-4c2e-a2ae-48ae41c975ba
event_paywall_open,1710898824125000,001caa52-6f22-4c97-acbe-5d3eb1922080,001caa52-6f22-4c97-acbe-5d3eb1922080_1710898786133,/,23302041-9176-40ad-b7bd-686ff255035b
event_paywall_open,1710898827002000,001caa52-6f22-4c97-acbe-5d3eb1922080,001caa52-6f22-4c97-acbe-5d3eb1922080_1710898786133,/,3ee6c874-e2a8-4c2e-a2ae-48ae41c975ba
event_paywall_open,1710898833040000,001caa52-6f22-4c97-acbe-5d3eb1922080,001caa52-6f22-4c97-acbe-5d3eb1922080_1710898786133,/,f1f758c6-f81a-4133-8d64-b8fb6286260d
event_paywall_open,1710898878692000,001caa52-6f22-4c97-acbe-5d3eb1922080,001caa52-6f22-4c97-acbe-5d3eb1922080_1710898786133,/,3ee6c874-e2a8-4c2e-a2ae-48ae41c975ba
event_paywall_open,1710899395762000,c1e2c053-3d0b-4a6a-8ea4-59056cf23d5c,c1e2c053-3d0b-4a6a-8ea4-59056cf23d5c_1710899394300,/,3ee6c874-e2a8-4c2e-a2ae-48ae41c975ba
event_paywall_open,1710787206857000,73b6a798-c6a9-44e8-bfa2-10c4b2c37f03,73b6a798-c6a9-44e8-bfa2-10c4b2c37f03_1710787205278,/,3ee6c874-e2a8-4c2e-a2ae-48ae41c975ba
event_paywall_open,1710896771382000,b460aa60-c654-497a-bea9-2274355b31a5,b460aa60-c654-497a-bea9-2274355b31a5_1710896698273,/,3ee6c874-e2a8-4c2e-a2ae-48ae41c975ba
event_paywall_open,1710897590421000,d71a5d5a-dd1a-47c4-9777-5ec0794c27d9,d71a5d5a-dd1a-47c4-9777-5ec0794c27d9_1710897480628,/,3ee6c874-e2a8-4c2e-a2ae-48ae41c975ba
event_paywall_open,1710897674649000,d71a5d5a-dd1a-47c4-9777-5ec0794c27d9,d71a5d5a-dd1a-47c4-9777-5ec0794c27d9_1710897480628,/,23302041-9176-40ad-b7bd-686ff255035b
event_paywall_open,1710898347676000,048f1ff0-26ef-4f6c-8603-0e176aba4a2b,048f1ff0-26ef-4f6c-8603-0e176aba4a2b_1710898246855,/,3ee6c874-e2a8-4c2e-a2ae-48ae41c975ba
event_paywall_open,1710898526300000,3db1b59d-2ff8-43c5-986e-e99dd2ac9dc4,3db1b59d-2ff8-43c5-986e-e99dd2ac9dc4_1710898389183,/,3ee6c874-e2a8-4c2e-a2ae-48ae41c975ba
event_paywall_open,1710899342638000,485f1ffd-084e-4814-a16b-50148a2e63ec,485f1ffd-084e-4814-a16b-50148a2e63ec_1710899189604,/,3ee6c874-e2a8-4c2e-a2ae-48ae41c975ba
event_paywall_open,1710899372828000,485f1ffd-084e-4814-a16b-50148a2e63ec,485f1ffd-084e-4814-a16b-50148a2e63ec_1710899189604,/,f1f758c6-f81a-4133-8d64-b8fb6286260d
event_paywall_open,1710899377155000,485f1ffd-084e-4814-a16b-50148a2e63ec,485f1ffd-084e-4814-a16b-50148a2e63ec_1710899189604,/,3ee6c874-e2a8-4c2e-a2ae-48ae41c975ba
event_paywall_open,1710899586755000,8bbc3b6f-347c-4cd4-92f7-134a7569c454,8bbc3b6f-347c-4cd4-92f7-134a7569c454_1710899343094,/,3ee6c874-e2a8-4c2e-a2ae-48ae41c975ba
event_paywall_open,1710899575064000,28802c69-ad26-4184-acda-239f1349835d,28802c69-ad26-4184-acda-239f1349835d_1710899443108,/,3ee6c874-e2a8-4c2e-a2ae-48ae41c975ba
event_paywall_open,1708416276041000,3f9530b0-47f4-4434-9d12-3f91db3d7443,3f9530b0-47f4-4434-9d12-3f91db3d7443_1708416273196,/,9430e36a-4887-4f28-a2c4-cf3a5971e33e
event_paywall_open,1710932252549000,3f9530b0-47f4-4434-9d12-3f91db3d7443,3f9530b0-47f4-4434-9d12-3f91db3d7443_1710932249992,/,3ee6c874-e2a8-4c2e-a2ae-48ae41c975ba
event_paywall_open,1710929830969000,ef7ad985-d132-43e3-873e-5443d8ac1c9e,ef7ad985-d132-43e3-873e-5443d8ac1c9e_1710929828154,/,3ee6c874-e2a8-4c2e-a2ae-48ae41c975ba
event_paywall_open,1710930485148000,073847e0-1996-43e2-b81b-eea964a81326,073847e0-1996-43e2-b81b-eea964a81326_1710929984781,/,3ee6c874-e2a8-4c2e-a2ae-48ae41c975ba
event_paywall_open,1710929382349000,50e6bfbe-b88a-48fc-9fce-9d0edf1c27cb,50e6bfbe-b88a-48fc-9fce-9d0edf1c27cb_1710929150420,/,3ee6c874-e2a8-4c2e-a2ae-48ae41c975ba
event_paywall_open,1710929424517000,50e6bfbe-b88a-48fc-9fce-9d0edf1c27cb,50e6bfbe-b88a-48fc-9fce-9d0edf1c27cb_1710929150420,/,23302041-9176-40ad-b7bd-686ff255035b
event_paywall_open,1710929442111000,50e6bfbe-b88a-48fc-9fce-9d0edf1c27cb,50e6bfbe-b88a-48fc-9fce-9d0edf1c27cb_1710929150420,/,3ee6c874-e2a8-4c2e-a2ae-48ae41c975ba
event_paywall_open,1710932266698000,cba1d092-a740-4375-861b-8115769793da,cba1d092-a740-4375-861b-8115769793da_1710932041947,/,3ee6c874-e2a8-4c2e-a2ae-48ae41c975ba
event_paywall_open,1710932291723000,cba1d092-a740-4375-861b-8115769793da,cba1d092-a740-4375-861b-8115769793da_1710932041947,/,f1f758c6-f81a-4133-8d64-b8fb6286260d
event_paywall_open,1705824922462000,70afcf35-0792-4f0b-a643-eaffc6b69e50,70afcf35-0792-4f0b-a643-eaffc6b69e50_1705824918368,/,f6f87b59-2c59-4152-bed9-09b0cb8cad97
event_paywall_open,1710682064884000,70afcf35-0792-4f0b-a643-eaffc6b69e50,70afcf35-0792-4f0b-a643-eaffc6b69e50_1710682060205,/,3ee6c874-e2a8-4c2e-a2ae-48ae41c975ba
event_paywall_open,1710934312649000,06608406-9990-4380-bd33-44c881dfd165,06608406-9990-4380-bd33-44c881dfd165_1710934310698,/,3ee6c874-e2a8-4c2e-a2ae-48ae41c975ba
event_paywall_open,1710299569617000,db24f913-7776-4fb7-b4f5-c6923df3cd64,db24f913-7776-4fb7-b4f5-c6923df3cd64_1710299566180,/,3ee6c874-e2a8-4c2e-a2ae-48ae41c975ba
event_paywall_open,1710935129506000,db24f913-7776-4fb7-b4f5-c6923df3cd64,db24f913-7776-4fb7-b4f5-c6923df3cd64_1710935127134,/,3ee6c874-e2a8-4c2e-a2ae-48ae41c975ba
event_paywall_open,1710934233087000,55ee4065-f7bd-4008-883f-cdc63ae38cd8,55ee4065-f7bd-4008-883f-cdc63ae38cd8_1710934227112,/,3ee6c874-e2a8-4c2e-a2ae-48ae41c975ba
event_paywall_open,1710930842008000,a395c4e0-b082-4656-ab48-234e464d0dec,a395c4e0-b082-4656-ab48-234e464d0dec_1710930828154,/,23302041-9176-40ad-b7bd-686ff255035b
event_paywall_open,1710930848599000,a395c4e0-b082-4656-ab48-234e464d0dec,a395c4e0-b082-4656-ab48-234e464d0dec_1710930828154,/,3ee6c874-e2a8-4c2e-a2ae-48ae41c975ba
event_paywall_open,1710933496535000,a395c4e0-b082-4656-ab48-234e464d0dec,a395c4e0-b082-4656-ab48-234e464d0dec_1710933493787,/,3ee6c874-e2a8-4c2e-a2ae-48ae41c975ba
event_paywall_open,1710932803743000,0ff4e69d-55b7-4f55-941f-2fd634f54ba6,0ff4e69d-55b7-4f55-941f-2fd634f54ba6_1710932581057,/,3ee6c874-e2a8-4c2e-a2ae-48ae41c975ba
event_paywall_open,1710933254219000,a6fa30ba-57ca-49f6-9881-52b578b429bb,a6fa30ba-57ca-49f6-9881-52b578b429bb_1710933144806,/,3ee6c874-e2a8-4c2e-a2ae-48ae41c975ba
event_paywall_open,1710933277812000,a6fa30ba-57ca-49f6-9881-52b578b429bb,a6fa30ba-57ca-49f6-9881-52b578b429bb_1710933144806,/,23302041-9176-40ad-b7bd-686ff255035b
event_paywall_open,1710933298727000,a6fa30ba-57ca-49f6-9881-52b578b429bb,a6fa30ba-57ca-49f6-9881-52b578b429bb_1710933144806,/,3ee6c874-e2a8-4c2e-a2ae-48ae41c975ba
event_paywall_open,1710933311629000,a6fa30ba-57ca-49f6-9881-52b578b429bb,a6fa30ba-57ca-49f6-9881-52b578b429bb_1710933144806,/,f1f758c6-f81a-4133-8d64-b8fb6286260d
event_paywall_open,1710933315787000,a6fa30ba-57ca-49f6-9881-52b578b429bb,a6fa30ba-57ca-49f6-9881-52b578b429bb_1710933144806,/,3ee6c874-e2a8-4c2e-a2ae-48ae41c975ba
event_paywall_open,1710934368912000,68496974-2a50-44a4-b450-1164309e8fee,68496974-2a50-44a4-b450-1164309e8fee_1710933845851,/,3ee6c874-e2a8-4c2e-a2ae-48ae41c975ba
event_paywall_open,1710934441896000,1ce593c6-706a-444e-91e5-0da090e74df9,1ce593c6-706a-444e-91e5-0da090e74df9_1710934316471,/,3ee6c874-e2a8-4c2e-a2ae-48ae41c975ba
event_paywall_open,1710934465943000,1ce593c6-706a-444e-91e5-0da090e74df9,1ce593c6-706a-444e-91e5-0da090e74df9_1710934316471,/,f1f758c6-f81a-4133-8d64-b8fb6286260d
event_paywall_open,1710935087130000,a50b014a-fc50-4e03-b381-4485d6139735,a50b014a-fc50-4e03-b381-4485d6139735_1710934854687,/,3ee6c874-e2a8-4c2e-a2ae-48ae41c975ba
event_paywall_open,1710937672372000,8ea24823-f1ef-480f-80b5-b9bc4563e229,8ea24823-f1ef-480f-80b5-b9bc4563e229_1710937670961,/,3ee6c874-e2a8-4c2e-a2ae-48ae41c975ba
event_paywall_open,1710934897621000,a395c4e0-b082-4656-ab48-234e464d0dec,a395c4e0-b082-4656-ab48-234e464d0dec_1710934880554,/,23302041-9176-40ad-b7bd-686ff255035b
event_paywall_open,1710934901950000,a395c4e0-b082-4656-ab48-234e464d0dec,a395c4e0-b082-4656-ab48-234e464d0dec_1710934880554,/,3ee6c874-e2a8-4c2e-a2ae-48ae41c975ba
event_paywall_open,1710936837483000,a395c4e0-b082-4656-ab48-234e464d0dec,a395c4e0-b082-4656-ab48-234e464d0dec_1710936834861,/,3ee6c874-e2a8-4c2e-a2ae-48ae41c975ba
event_paywall_open,1710939510810000,a395c4e0-b082-4656-ab48-234e464d0dec,a395c4e0-b082-4656-ab48-234e464d0dec_1710939501166,/,23302041-9176-40ad-b7bd-686ff255035b
event_paywall_open,1710939516705000,a395c4e0-b082-4656-ab48-234e464d0dec,a395c4e0-b082-4656-ab48-234e464d0dec_1710939501166,/,3ee6c874-e2a8-4c2e-a2ae-48ae41c975ba
event_paywall_open,1710936537853000,a26cefc9-13c6-44e5-b436-dc3a40844eb0,a26cefc9-13c6-44e5-b436-dc3a40844eb0_1710936351431,/,3ee6c874-e2a8-4c2e-a2ae-48ae41c975ba
event_paywall_open,1710936565171000,a26cefc9-13c6-44e5-b436-dc3a40844eb0,a26cefc9-13c6-44e5-b436-dc3a40844eb0_1710936351431,/,23302041-9176-40ad-b7bd-686ff255035b
event_paywall_open,1710936577565000,a26cefc9-13c6-44e5-b436-dc3a40844eb0,a26cefc9-13c6-44e5-b436-dc3a40844eb0_1710936351431,/,3ee6c874-e2a8-4c2e-a2ae-48ae41c975ba
event_paywall_open,1710936586312000,a26cefc9-13c6-44e5-b436-dc3a40844eb0,a26cefc9-13c6-44e5-b436-dc3a40844eb0_1710936351431,/,f1f758c6-f81a-4133-8d64-b8fb6286260d
event_paywall_open,1710936499936000,2b66ffd7-306c-4ded-967a-e10759a16aa9,2b66ffd7-306c-4ded-967a-e10759a16aa9_1710936413246,/,3ee6c874-e2a8-4c2e-a2ae-48ae41c975ba
event_paywall_open,1710936580310000,5a8ee028-07a8-47d0-a875-fc08e07f45b9,5a8ee028-07a8-47d0-a875-fc08e07f45b9_1710936446440,/,3ee6c874-e2a8-4c2e-a2ae-48ae41c975ba
event_paywall_open,1710937187710000,66ca8776-b60f-4a69-a636-28f0d7acbb6a,66ca8776-b60f-4a69-a636-28f0d7acbb6a_1710936955191,/,3ee6c874-e2a8-4c2e-a2ae-48ae41c975ba
event_paywall_open,1710939790251000,41b7bb9d-ada3-4818-a79f-39bcd4c7086f,41b7bb9d-ada3-4818-a79f-39bcd4c7086f_1710939786598,/,3ee6c874-e2a8-4c2e-a2ae-48ae41c975ba
event_paywall_open,1710939616898000,023c3190-189d-4690-9dae-7b889c6c9279,023c3190-189d-4690-9dae-7b889c6c9279_1710939611366,/,3ee6c874-e2a8-4c2e-a2ae-48ae41c975ba
event_paywall_open,1710942224166000,e8cd675f-4e79-4a90-952a-99cdc822ff03,e8cd675f-4e79-4a90-952a-99cdc822ff03_1710942222590,/,3ee6c874-e2a8-4c2e-a2ae-48ae41c975ba
event_paywall_open,1710939969818000,ec281f1b-6479-48e6-bd68-f5e4fbb664cf,ec281f1b-6479-48e6-bd68-f5e4fbb664cf_1710939968731,/,3ee6c874-e2a8-4c2e-a2ae-48ae41c975ba
event_paywall_open,1710939619433000,743dfffc-9d02-49b1-8ec3-bc72fb8c83d8,743dfffc-9d02-49b1-8ec3-bc72fb8c83d8_1710939617337,/,3ee6c874-e2a8-4c2e-a2ae-48ae41c975ba
event_paywall_open,1710940995243000,1937fb7e-ee0c-47da-a453-88033334f288,1937fb7e-ee0c-47da-a453-88033334f288_1710940759574,/,3ee6c874-e2a8-4c2e-a2ae-48ae41c975ba
event_paywall_open,1710941404641000,9748a2ab-df53-4f97-90fd-171da3f5484f,9748a2ab-df53-4f97-90fd-171da3f5484f_1710941189711,/,3ee6c874-e2a8-4c2e-a2ae-48ae41c975ba
event_paywall_open,1710941431944000,0237bc6a-6200-4bcd-99a7-2f706f258e2d,0237bc6a-6200-4bcd-99a7-2f706f258e2d_1710941338299,/,3ee6c874-e2a8-4c2e-a2ae-48ae41c975ba
event_paywall_open,1710942248490000,c98329a1-7992-4017-acea-ec7e35ecab38,c98329a1-7992-4017-acea-ec7e35ecab38_1710942092685,/,3ee6c874-e2a8-4c2e-a2ae-48ae41c975ba
event_paywall_open,1710942265935000,c98329a1-7992-4017-acea-ec7e35ecab38,c98329a1-7992-4017-acea-ec7e35ecab38_1710942092685,/,3ee6c874-e2a8-4c2e-a2ae-48ae41c975ba
event_paywall_open,1710942298936000,c98329a1-7992-4017-acea-ec7e35ecab38,c98329a1-7992-4017-acea-ec7e35ecab38_1710942092685,/,f1f758c6-f81a-4133-8d64-b8fb6286260d
event_paywall_open,1710942303440000,c98329a1-7992-4017-acea-ec7e35ecab38,c98329a1-7992-4017-acea-ec7e35ecab38_1710942092685,/,3ee6c874-e2a8-4c2e-a2ae-48ae41c975ba
event_paywall_open,1710942307014000,c98329a1-7992-4017-acea-ec7e35ecab38,c98329a1-7992-4017-acea-ec7e35ecab38_1710942092685,/,23302041-9176-40ad-b7bd-686ff255035b
event_paywall_open,1710942309482000,c98329a1-7992-4017-acea-ec7e35ecab38,c98329a1-7992-4017-acea-ec7e35ecab38_1710942092685,/,3ee6c874-e2a8-4c2e-a2ae-48ae41c975ba
event_paywall_open,1710942329999000,c98329a1-7992-4017-acea-ec7e35ecab38,c98329a1-7992-4017-acea-ec7e35ecab38_1710942092685,/,f1f758c6-f81a-4133-8d64-b8fb6286260d
event_paywall_open,1710942341125000,c98329a1-7992-4017-acea-ec7e35ecab38,c98329a1-7992-4017-acea-ec7e35ecab38_1710942092685,/,3ee6c874-e2a8-4c2e-a2ae-48ae41c975ba
event_paywall_open,1710942349106000,c98329a1-7992-4017-acea-ec7e35ecab38,c98329a1-7992-4017-acea-ec7e35ecab38_1710942092685,/,f1f758c6-f81a-4133-8d64-b8fb6286260d
event_paywall_open,1710942842501000,c98329a1-7992-4017-acea-ec7e35ecab38,c98329a1-7992-4017-acea-ec7e35ecab38_1710942841399,/,3ee6c874-e2a8-4c2e-a2ae-48ae41c975ba
event_paywall_open,1710942532755000,db018c39-a47f-4a97-b026-6fedf3874db3,db018c39-a47f-4a97-b026-6fedf3874db3_1710942423709,/,3ee6c874-e2a8-4c2e-a2ae-48ae41c975ba
event_paywall_open,1710942554036000,db018c39-a47f-4a97-b026-6fedf3874db3,db018c39-a47f-4a97-b026-6fedf3874db3_1710942423709,/,23302041-9176-40ad-b7bd-686ff255035b
event_paywall_open,1710942757445000,f3f75a05-e7d7-4dee-844c-fdba6e4f4db5,f3f75a05-e7d7-4dee-844c-fdba6e4f4db5_1710942669644,/,3ee6c874-e2a8-4c2e-a2ae-48ae41c975ba
event_paywall_open,1710942904688000,68d9c205-d33d-4b68-98ae-d2e99220f7ee,68d9c205-d33d-4b68-98ae-d2e99220f7ee_1710942809851,/,3ee6c874-e2a8-4c2e-a2ae-48ae41c975ba
event_paywall_open,1710945591745000,3aea4257-124f-4bc6-852d-706f07b0443b,3aea4257-124f-4bc6-852d-706f07b0443b_1710945589134,/,3ee6c874-e2a8-4c2e-a2ae-48ae41c975ba
event_paywall_open,1710943247418000,7c29151c-740a-487a-af38-bbca895c0fd3,7c29151c-740a-487a-af38-bbca895c0fd3_1710943246258,/,3ee6c874-e2a8-4c2e-a2ae-48ae41c975ba
event_paywall_open,1710943223119000,6d5194d5-e1ea-4fe0-b95c-e801cb77abc7,6d5194d5-e1ea-4fe0-b95c-e801cb77abc7_1710943221898,/,3ee6c874-e2a8-4c2e-a2ae-48ae41c975ba
event_paywall_open,1710946366944000,0ff4e69d-55b7-4f55-941f-2fd634f54ba6,0ff4e69d-55b7-4f55-941f-2fd634f54ba6_1710946365953,/,3ee6c874-e2a8-4c2e-a2ae-48ae41c975ba
event_paywall_open,1710944474767000,ebb2d49b-6956-4130-900e-81a15789c31e,ebb2d49b-6956-4130-900e-81a15789c31e_1710944217174,/,3ee6c874-e2a8-4c2e-a2ae-48ae41c975ba
event_paywall_open,1710945893649000,3079b182-4ab9-4bea-9c17-f13c8be1831b,3079b182-4ab9-4bea-9c17-f13c8be1831b_1710945661806,/,3ee6c874-e2a8-4c2e-a2ae-48ae41c975ba
event_paywall_open,1710946320835000,ec939761-09ce-4805-9c09-db02bbe87b28,ec939761-09ce-4805-9c09-db02bbe87b28_1710946221440,/,3ee6c874-e2a8-4c2e-a2ae-48ae41c975ba
event_paywall_open,1710948745020000,b2555300-7ccc-4770-894d-716d9098fbe0,b2555300-7ccc-4770-894d-716d9098fbe0_1710948735984,/,3ee6c874-e2a8-4c2e-a2ae-48ae41c975ba
event_paywall_open,1710948632507000,7bbe6f76-5e4f-466e-bcf1-d90d10ab20c1,7bbe6f76-5e4f-466e-bcf1-d90d10ab20c1_1710948348494,/,23302041-9176-40ad-b7bd-686ff255035b
event_paywall_open,1710948636077000,7bbe6f76-5e4f-466e-bcf1-d90d10ab20c1,7bbe6f76-5e4f-466e-bcf1-d90d10ab20c1_1710948348494,/,3ee6c874-e2a8-4c2e-a2ae-48ae41c975ba
event_paywall_open,1710658813630000,e8959c1c-100f-4725-af5f-a3057cabf9be,e8959c1c-100f-4725-af5f-a3057cabf9be_1710658810749,/,3ee6c874-e2a8-4c2e-a2ae-48ae41c975ba
event_paywall_open,1710897759619000,73b6a798-c6a9-44e8-bfa2-10c4b2c37f03,73b6a798-c6a9-44e8-bfa2-10c4b2c37f03_1710897757565,/,3ee6c874-e2a8-4c2e-a2ae-48ae41c975ba
event_paywall_open,1710946821171000,00452094-4551-4729-9d69-891bba2298b9,00452094-4551-4729-9d69-891bba2298b9_1710946819410,/,3ee6c874-e2a8-4c2e-a2ae-48ae41c975ba
event_paywall_open,1710947166501000,425c8faa-2ca7-4fa6-b348-7792e8ba7f12,425c8faa-2ca7-4fa6-b348-7792e8ba7f12_1710947165653,/,3ee6c874-e2a8-4c2e-a2ae-48ae41c975ba
event_paywall_open,1710947041100000,f353cbc4-f5b7-4497-8018-8a7c30a350bc,f353cbc4-f5b7-4497-8018-8a7c30a350bc_1710946935644,/,3ee6c874-e2a8-4c2e-a2ae-48ae41c975ba
event_paywall_open,1710947397618000,f305973a-e0f3-461e-8db5-201125d67693,f305973a-e0f3-461e-8db5-201125d67693_1710947285014,/,3ee6c874-e2a8-4c2e-a2ae-48ae41c975ba
event_paywall_open,1710949037965000,1212a472-9626-4bbf-8723-37769ce0269f,1212a472-9626-4bbf-8723-37769ce0269f_1710948983371,/,3ee6c874-e2a8-4c2e-a2ae-48ae41c975ba
event_paywall_open,1710948182615000,08bdd14e-0cd4-43db-8658-84d40af8d3e0,08bdd14e-0cd4-43db-8658-84d40af8d3e0_1710948063958,/,3ee6c874-e2a8-4c2e-a2ae-48ae41c975ba
event_paywall_open,1710948270692000,08bdd14e-0cd4-43db-8658-84d40af8d3e0,08bdd14e-0cd4-43db-8658-84d40af8d3e0_1710948063958,/,23302041-9176-40ad-b7bd-686ff255035b
event_paywall_open,1710948278914000,08bdd14e-0cd4-43db-8658-84d40af8d3e0,08bdd14e-0cd4-43db-8658-84d40af8d3e0_1710948063958,/,3ee6c874-e2a8-4c2e-a2ae-48ae41c975ba
event_paywall_open,1710948286178000,08bdd14e-0cd4-43db-8658-84d40af8d3e0,08bdd14e-0cd4-43db-8658-84d40af8d3e0_1710948063958,/,23302041-9176-40ad-b7bd-686ff255035b
event_paywall_open,1710948303301000,08bdd14e-0cd4-43db-8658-84d40af8d3e0,08bdd14e-0cd4-43db-8658-84d40af8d3e0_1710948063958,/,3ee6c874-e2a8-4c2e-a2ae-48ae41c975ba
event_paywall_open,1710948306858000,08bdd14e-0cd4-43db-8658-84d40af8d3e0,08bdd14e-0cd4-43db-8658-84d40af8d3e0_1710948063958,/,23302041-9176-40ad-b7bd-686ff255035b
event_paywall_open,1710948599501000,bedae9b3-de8e-446f-a149-1dca49b8ea53,bedae9b3-de8e-446f-a149-1dca49b8ea53_1710948348494,/,3ee6c874-e2a8-4c2e-a2ae-48ae41c975ba
event_paywall_open,1710949260004000,bde653f5-11fc-4579-af9a-de6cba808461,bde653f5-11fc-4579-af9a-de6cba808461_1710949148952,/,3ee6c874-e2a8-4c2e-a2ae-48ae41c975ba
event_paywall_open,1710949428755000,648c05f3-c580-4d84-b71e-0d53782916db,648c05f3-c580-4d84-b71e-0d53782916db_1710949217185,/,3ee6c874-e2a8-4c2e-a2ae-48ae41c975ba
event_paywall_open,1710950058584000,dd730561-49fb-440e-aa57-9b2473633c6b,dd730561-49fb-440e-aa57-9b2473633c6b_1710949724448,/,3ee6c874-e2a8-4c2e-a2ae-48ae41c975ba
event_paywall_open,1710950006297000,1893bb4a-0e43-4a82-a921-721da958a10b,1893bb4a-0e43-4a82-a921-721da958a10b_1710949846935,/,3ee6c874-e2a8-4c2e-a2ae-48ae41c975ba
event_paywall_open,1710259213213000,b544db4e-717b-4be0-af28-fa4b266bd081,b544db4e-717b-4be0-af28-fa4b266bd081_1710259211401,/,3ee6c874-e2a8-4c2e-a2ae-48ae41c975ba
event_paywall_open,1710951110059000,b544db4e-717b-4be0-af28-fa4b266bd081,b544db4e-717b-4be0-af28-fa4b266bd081_1710951108105,/,3ee6c874-e2a8-4c2e-a2ae-48ae41c975ba
event_paywall_open,1710952920609000,418599a9-b149-453a-a712-fc687c2cca79,418599a9-b149-453a-a712-fc687c2cca79_1710952919610,/,3ee6c874-e2a8-4c2e-a2ae-48ae41c975ba
event_paywall_open,1710950414321000,eae3989a-c9b6-465a-99eb-f87432b50d2c,eae3989a-c9b6-465a-99eb-f87432b50d2c_1710950412651,/,3ee6c874-e2a8-4c2e-a2ae-48ae41c975ba
event_paywall_open,1710952766635000,0154b0aa-f0d1-4e27-8ffd-d420cdb53564,0154b0aa-f0d1-4e27-8ffd-d420cdb53564_1710952764717,/,3ee6c874-e2a8-4c2e-a2ae-48ae41c975ba
event_paywall_open,1710950440534000,75b3130c-b455-4ec0-b432-7cb4a09f590c,75b3130c-b455-4ec0-b432-7cb4a09f590c_1710950438832,/,3ee6c874-e2a8-4c2e-a2ae-48ae41c975ba
event_paywall_open,1710950415113000,22f376df-307e-4807-9b92-e14deabb4d19,22f376df-307e-4807-9b92-e14deabb4d19_1710950411575,/,3ee6c874-e2a8-4c2e-a2ae-48ae41c975ba
event_paywall_open,1710950591374000,ae301e01-5b1c-45e8-9743-6687a0ba3c5b,ae301e01-5b1c-45e8-9743-6687a0ba3c5b_1710950590113,/,3ee6c874-e2a8-4c2e-a2ae-48ae41c975ba
event_paywall_open,1710951794146000,9aa31433-baf6-4beb-9fba-d20bb56fbcc0,9aa31433-baf6-4beb-9fba-d20bb56fbcc0_1710951792502,/,3ee6c874-e2a8-4c2e-a2ae-48ae41c975ba
event_paywall_open,1710951822141000,9aa31433-baf6-4beb-9fba-d20bb56fbcc0,9aa31433-baf6-4beb-9fba-d20bb56fbcc0_1710951792502,/,23302041-9176-40ad-b7bd-686ff255035b
event_paywall_open,1710951827705000,9aa31433-baf6-4beb-9fba-d20bb56fbcc0,9aa31433-baf6-4beb-9fba-d20bb56fbcc0_1710951792502,/,3ee6c874-e2a8-4c2e-a2ae-48ae41c975ba
event_paywall_open,1710951835167000,9aa31433-baf6-4beb-9fba-d20bb56fbcc0,9aa31433-baf6-4beb-9fba-d20bb56fbcc0_1710951792502,/,23302041-9176-40ad-b7bd-686ff255035b
event_paywall_open,1710951794874000,358d98b2-a21b-48d6-b185-e7cb0ac47381,358d98b2-a21b-48d6-b185-e7cb0ac47381_1710951587735,/,3ee6c874-e2a8-4c2e-a2ae-48ae41c975ba
event_paywall_open,1710952405899000,19283dae-93d8-4e00-8ff8-b13033fb6e9b,19283dae-93d8-4e00-8ff8-b13033fb6e9b_1710952135087,/,3ee6c874-e2a8-4c2e-a2ae-48ae41c975ba
event_paywall_open,1710952420497000,340c0df3-804a-45fd-833d-4fbe3e9afef1,340c0df3-804a-45fd-833d-4fbe3e9afef1_1710952297041,/,3ee6c874-e2a8-4c2e-a2ae-48ae41c975ba
event_paywall_open,1710952446718000,340c0df3-804a-45fd-833d-4fbe3e9afef1,340c0df3-804a-45fd-833d-4fbe3e9afef1_1710952297041,/,f1f758c6-f81a-4133-8d64-b8fb6286260d
event_paywall_open,1710952453603000,340c0df3-804a-45fd-833d-4fbe3e9afef1,340c0df3-804a-45fd-833d-4fbe3e9afef1_1710952297041,/,3ee6c874-e2a8-4c2e-a2ae-48ae41c975ba
event_paywall_open,1710952456781000,340c0df3-804a-45fd-833d-4fbe3e9afef1,340c0df3-804a-45fd-833d-4fbe3e9afef1_1710952297041,/,23302041-9176-40ad-b7bd-686ff255035b
event_paywall_open,1710952460786000,340c0df3-804a-45fd-833d-4fbe3e9afef1,340c0df3-804a-45fd-833d-4fbe3e9afef1_1710952297041,/,3ee6c874-e2a8-4c2e-a2ae-48ae41c975ba
event_paywall_open,1710952468332000,340c0df3-804a-45fd-833d-4fbe3e9afef1,340c0df3-804a-45fd-833d-4fbe3e9afef1_1710952297041,/,23302041-9176-40ad-b7bd-686ff255035b
event_paywall_open,1710952472490000,340c0df3-804a-45fd-833d-4fbe3e9afef1,340c0df3-804a-45fd-833d-4fbe3e9afef1_1710952297041,/,3ee6c874-e2a8-4c2e-a2ae-48ae41c975ba
event_paywall_open,1710953585832000,e145e89a-f278-43ff-961d-e36dc4642773,e145e89a-f278-43ff-961d-e36dc4642773_1710953274193,/,3ee6c874-e2a8-4c2e-a2ae-48ae41c975ba
event_paywall_open,1710953809536000,7d092379-98f0-41ea-95f4-3112bdbccfe0,7d092379-98f0-41ea-95f4-3112bdbccfe0_1710953672036,/,3ee6c874-e2a8-4c2e-a2ae-48ae41c975ba
event_paywall_open,1710953832906000,7d092379-98f0-41ea-95f4-3112bdbccfe0,7d092379-98f0-41ea-95f4-3112bdbccfe0_1710953672036,/,23302041-9176-40ad-b7bd-686ff255035b
event_paywall_open,1710953843034000,7d092379-98f0-41ea-95f4-3112bdbccfe0,7d092379-98f0-41ea-95f4-3112bdbccfe0_1710953672036,/,3ee6c874-e2a8-4c2e-a2ae-48ae41c975ba
event_paywall_open,1710953846699000,7d092379-98f0-41ea-95f4-3112bdbccfe0,7d092379-98f0-41ea-95f4-3112bdbccfe0_1710953672036,/,f1f758c6-f81a-4133-8d64-b8fb6286260d
event_paywall_open,1710953856566000,7d092379-98f0-41ea-95f4-3112bdbccfe0,7d092379-98f0-41ea-95f4-3112bdbccfe0_1710953672036,/,3ee6c874-e2a8-4c2e-a2ae-48ae41c975ba
event_paywall_open,1710953865127000,9463ea66-a85a-48d4-b0ee-f5645a24f913,9463ea66-a85a-48d4-b0ee-f5645a24f913_1710953780152,/,3ee6c874-e2a8-4c2e-a2ae-48ae41c975ba
event_paywall_open,1710957194429000,5ad06de2-6125-45d7-9b88-9f9968923bee,5ad06de2-6125-45d7-9b88-9f9968923bee_1710957192499,/,3ee6c874-e2a8-4c2e-a2ae-48ae41c975ba
event_paywall_open,1710608412396000,48423f17-ab8e-4f36-9953-03240b616668,48423f17-ab8e-4f36-9953-03240b616668_1710608410420,/,3ee6c874-e2a8-4c2e-a2ae-48ae41c975ba
event_paywall_open,1710954018803000,48423f17-ab8e-4f36-9953-03240b616668,48423f17-ab8e-4f36-9953-03240b616668_1710954017222,/,3ee6c874-e2a8-4c2e-a2ae-48ae41c975ba
event_paywall_open,1710914496077000,b7723adb-af5c-402d-b896-e0ca7cbf043a,b7723adb-af5c-402d-b896-e0ca7cbf043a_1710914493470,/,3ee6c874-e2a8-4c2e-a2ae-48ae41c975ba
event_paywall_open,1710957104451000,b7723adb-af5c-402d-b896-e0ca7cbf043a,b7723adb-af5c-402d-b896-e0ca7cbf043a_1710957101813,/,3ee6c874-e2a8-4c2e-a2ae-48ae41c975ba
event_paywall_open,1710957125571000,b7723adb-af5c-402d-b896-e0ca7cbf043a,b7723adb-af5c-402d-b896-e0ca7cbf043a_1710957101813,/,23302041-9176-40ad-b7bd-686ff255035b
event_paywall_open,1710957130638000,b7723adb-af5c-402d-b896-e0ca7cbf043a,b7723adb-af5c-402d-b896-e0ca7cbf043a_1710957101813,/,3ee6c874-e2a8-4c2e-a2ae-48ae41c975ba
event_paywall_open,1710954495680000,10f0e408-8881-4896-9011-82a4bdd4ca3c,10f0e408-8881-4896-9011-82a4bdd4ca3c_1710954248024,/,3ee6c874-e2a8-4c2e-a2ae-48ae41c975ba
event_paywall_open,1710954531373000,10f0e408-8881-4896-9011-82a4bdd4ca3c,10f0e408-8881-4896-9011-82a4bdd4ca3c_1710954248024,/,23302041-9176-40ad-b7bd-686ff255035b
event_paywall_open,1710954536975000,10f0e408-8881-4896-9011-82a4bdd4ca3c,10f0e408-8881-4896-9011-82a4bdd4ca3c_1710954248024,/,3ee6c874-e2a8-4c2e-a2ae-48ae41c975ba
event_paywall_open,1710954603199000,10f0e408-8881-4896-9011-82a4bdd4ca3c,10f0e408-8881-4896-9011-82a4bdd4ca3c_1710954248024,/,3ee6c874-e2a8-4c2e-a2ae-48ae41c975ba
event_paywall_open,1710954623176000,10f0e408-8881-4896-9011-82a4bdd4ca3c,10f0e408-8881-4896-9011-82a4bdd4ca3c_1710954248024,/,23302041-9176-40ad-b7bd-686ff255035b
event_paywall_open,1710954649071000,10f0e408-8881-4896-9011-82a4bdd4ca3c,10f0e408-8881-4896-9011-82a4bdd4ca3c_1710954248024,/,3ee6c874-e2a8-4c2e-a2ae-48ae41c975ba
event_paywall_open,1710954656553000,10f0e408-8881-4896-9011-82a4bdd4ca3c,10f0e408-8881-4896-9011-82a4bdd4ca3c_1710954248024,/,f1f758c6-f81a-4133-8d64-b8fb6286260d
event_paywall_open,1710954659513000,10f0e408-8881-4896-9011-82a4bdd4ca3c,10f0e408-8881-4896-9011-82a4bdd4ca3c_1710954248024,/,3ee6c874-e2a8-4c2e-a2ae-48ae41c975ba
event_paywall_open,1710954662469000,10f0e408-8881-4896-9011-82a4bdd4ca3c,10f0e408-8881-4896-9011-82a4bdd4ca3c_1710954248024,/,23302041-9176-40ad-b7bd-686ff255035b
event_paywall_open,1710954665015000,10f0e408-8881-4896-9011-82a4bdd4ca3c,10f0e408-8881-4896-9011-82a4bdd4ca3c_1710954248024,/,3ee6c874-e2a8-4c2e-a2ae-48ae41c975ba
event_paywall_open,1710954670365000,10f0e408-8881-4896-9011-82a4bdd4ca3c,10f0e408-8881-4896-9011-82a4bdd4ca3c_1710954248024,/,23302041-9176-40ad-b7bd-686ff255035b
event_paywall_open,1710954674955000,10f0e408-8881-4896-9011-82a4bdd4ca3c,10f0e408-8881-4896-9011-82a4bdd4ca3c_1710954248024,/,3ee6c874-e2a8-4c2e-a2ae-48ae41c975ba
event_paywall_open,1710954687242000,10f0e408-8881-4896-9011-82a4bdd4ca3c,10f0e408-8881-4896-9011-82a4bdd4ca3c_1710954248024,/,23302041-9176-40ad-b7bd-686ff255035b
event_paywall_open,1710954688265000,10f0e408-8881-4896-9011-82a4bdd4ca3c,10f0e408-8881-4896-9011-82a4bdd4ca3c_1710954248024,/,3ee6c874-e2a8-4c2e-a2ae-48ae41c975ba
event_paywall_open,1710954602056000,70facd3e-c6b7-4678-97e8-c449d1c970ce,70facd3e-c6b7-4678-97e8-c449d1c970ce_1710954444106,/,3ee6c874-e2a8-4c2e-a2ae-48ae41c975ba
event_paywall_open,1710956072599000,754e052f-8455-4e6f-9391-dc29e0df1ebe,754e052f-8455-4e6f-9391-dc29e0df1ebe_1710955892277,/,3ee6c874-e2a8-4c2e-a2ae-48ae41c975ba
event_paywall_open,1710956104722000,754e052f-8455-4e6f-9391-dc29e0df1ebe,754e052f-8455-4e6f-9391-dc29e0df1ebe_1710955892277,/,f1f758c6-f81a-4133-8d64-b8fb6286260d
event_paywall_open,1710956129679000,754e052f-8455-4e6f-9391-dc29e0df1ebe,754e052f-8455-4e6f-9391-dc29e0df1ebe_1710955892277,/,3ee6c874-e2a8-4c2e-a2ae-48ae41c975ba
event_paywall_open,1710956134594000,754e052f-8455-4e6f-9391-dc29e0df1ebe,754e052f-8455-4e6f-9391-dc29e0df1ebe_1710955892277,/,23302041-9176-40ad-b7bd-686ff255035b
event_paywall_open,1710956144614000,754e052f-8455-4e6f-9391-dc29e0df1ebe,754e052f-8455-4e6f-9391-dc29e0df1ebe_1710955892277,/,3ee6c874-e2a8-4c2e-a2ae-48ae41c975ba
event_paywall_open,1710956453720000,e3d05cd6-17d0-46b4-a0fb-c2e600ea1596,e3d05cd6-17d0-46b4-a0fb-c2e600ea1596_1710956311715,/,3ee6c874-e2a8-4c2e-a2ae-48ae41c975ba
event_paywall_open,1710956357526000,fe485686-83ee-4ce4-98c2-de535dfc125d,fe485686-83ee-4ce4-98c2-de535dfc125d_1710956279022,/,3ee6c874-e2a8-4c2e-a2ae-48ae41c975ba
event_paywall_open,1710956945965000,b2da4615-0795-4a00-ab71-ee8ea90b3398,b2da4615-0795-4a00-ab71-ee8ea90b3398_1710956812237,/,3ee6c874-e2a8-4c2e-a2ae-48ae41c975ba
event_paywall_open,1710956970450000,b2da4615-0795-4a00-ab71-ee8ea90b3398,b2da4615-0795-4a00-ab71-ee8ea90b3398_1710956812237,/,23302041-9176-40ad-b7bd-686ff255035b
event_paywall_open,1710956992455000,b2da4615-0795-4a00-ab71-ee8ea90b3398,b2da4615-0795-4a00-ab71-ee8ea90b3398_1710956812237,/,3ee6c874-e2a8-4c2e-a2ae-48ae41c975ba
event_paywall_open,1706820402488000,f8424744-fbcc-48cf-bc2f-412cb9d3f234,f8424744-fbcc-48cf-bc2f-412cb9d3f234_1706820400952,/,9430e36a-4887-4f28-a2c4-cf3a5971e33e
event_paywall_open,1710958683001000,f8424744-fbcc-48cf-bc2f-412cb9d3f234,f8424744-fbcc-48cf-bc2f-412cb9d3f234_1710958681381,/,3ee6c874-e2a8-4c2e-a2ae-48ae41c975ba
event_paywall_open,1710959608364000,b45818a8-5995-4b59-bdf9-c8a0b415d1cd,b45818a8-5995-4b59-bdf9-c8a0b415d1cd_1710959606122,/,3ee6c874-e2a8-4c2e-a2ae-48ae41c975ba
event_paywall_open,1710959638621000,b45818a8-5995-4b59-bdf9-c8a0b415d1cd,b45818a8-5995-4b59-bdf9-c8a0b415d1cd_1710959606122,/,23302041-9176-40ad-b7bd-686ff255035b
event_paywall_open,1710959647663000,b45818a8-5995-4b59-bdf9-c8a0b415d1cd,b45818a8-5995-4b59-bdf9-c8a0b415d1cd_1710959606122,/,3ee6c874-e2a8-4c2e-a2ae-48ae41c975ba
event_paywall_open,1710959562220000,e31d83d0-ff4c-490d-9ac1-e613307951de,e31d83d0-ff4c-490d-9ac1-e613307951de_1710959560830,/,3ee6c874-e2a8-4c2e-a2ae-48ae41c975ba
event_paywall_open,1710959018471000,fbaa7e63-3be5-436c-a7ce-56fe37336feb,fbaa7e63-3be5-436c-a7ce-56fe37336feb_1710958915804,/,3ee6c874-e2a8-4c2e-a2ae-48ae41c975ba
event_paywall_open,1710959325562000,b3f23fd5-b3bd-4c14-a3c4-0e46fb279826,b3f23fd5-b3bd-4c14-a3c4-0e46fb279826_1710959323505,/,3ee6c874-e2a8-4c2e-a2ae-48ae41c975ba
event_paywall_open,1710960321417000,5bcd7a56-12f9-4f61-aed0-d9251911c56e,5bcd7a56-12f9-4f61-aed0-d9251911c56e_1710960319362,/,3ee6c874-e2a8-4c2e-a2ae-48ae41c975ba
event_paywall_open,1710960904508000,f2a3eff0-c899-4a7c-9bcf-908320d94264,f2a3eff0-c899-4a7c-9bcf-908320d94264_1710960900009,/,3ee6c874-e2a8-4c2e-a2ae-48ae41c975ba
event_paywall_open,1710960935237000,f2a3eff0-c899-4a7c-9bcf-908320d94264,f2a3eff0-c899-4a7c-9bcf-908320d94264_1710960900009,/,f1f758c6-f81a-4133-8d64-b8fb6286260d
event_paywall_open,1710960955312000,f2a3eff0-c899-4a7c-9bcf-908320d94264,f2a3eff0-c899-4a7c-9bcf-908320d94264_1710960900009,/,3ee6c874-e2a8-4c2e-a2ae-48ae41c975ba
event_paywall_open,1710958676069000,9d824d4e-61e4-420f-8190-589e2820254e,9d824d4e-61e4-420f-8190-589e2820254e_1710958672750,/,3ee6c874-e2a8-4c2e-a2ae-48ae41c975ba
event_paywall_open,1710958160759000,c034d34d-178d-4f00-8e38-0247c60f9a13,c034d34d-178d-4f00-8e38-0247c60f9a13_1710958042517,/,3ee6c874-e2a8-4c2e-a2ae-48ae41c975ba
event_paywall_open,1710958182885000,c034d34d-178d-4f00-8e38-0247c60f9a13,c034d34d-178d-4f00-8e38-0247c60f9a13_1710958042517,/,23302041-9176-40ad-b7bd-686ff255035b
event_paywall_open,1710958194915000,c034d34d-178d-4f00-8e38-0247c60f9a13,c034d34d-178d-4f00-8e38-0247c60f9a13_1710958042517,/,3ee6c874-e2a8-4c2e-a2ae-48ae41c975ba
event_paywall_open,1710958199919000,c034d34d-178d-4f00-8e38-0247c60f9a13,c034d34d-178d-4f00-8e38-0247c60f9a13_1710958042517,/,f1f758c6-f81a-4133-8d64-b8fb6286260d
event_paywall_open,1710958391740000,c034d34d-178d-4f00-8e38-0247c60f9a13,c034d34d-178d-4f00-8e38-0247c60f9a13_1710958042517,/,3ee6c874-e2a8-4c2e-a2ae-48ae41c975ba
event_paywall_open,1710958398150000,c034d34d-178d-4f00-8e38-0247c60f9a13,c034d34d-178d-4f00-8e38-0247c60f9a13_1710958042517,/,f1f758c6-f81a-4133-8d64-b8fb6286260d
event_paywall_open,1710958407571000,c034d34d-178d-4f00-8e38-0247c60f9a13,c034d34d-178d-4f00-8e38-0247c60f9a13_1710958042517,/,3ee6c874-e2a8-4c2e-a2ae-48ae41c975ba
event_paywall_open,1710958414391000,c034d34d-178d-4f00-8e38-0247c60f9a13,c034d34d-178d-4f00-8e38-0247c60f9a13_1710958042517,/,f1f758c6-f81a-4133-8d64-b8fb6286260d
event_paywall_open,1710958415722000,c034d34d-178d-4f00-8e38-0247c60f9a13,c034d34d-178d-4f00-8e38-0247c60f9a13_1710958042517,/,3ee6c874-e2a8-4c2e-a2ae-48ae41c975ba
event_paywall_open,1710958420320000,c034d34d-178d-4f00-8e38-0247c60f9a13,c034d34d-178d-4f00-8e38-0247c60f9a13_1710958042517,/,f1f758c6-f81a-4133-8d64-b8fb6286260d
event_paywall_open,1710958429362000,c034d34d-178d-4f00-8e38-0247c60f9a13,c034d34d-178d-4f00-8e38-0247c60f9a13_1710958042517,/,3ee6c874-e2a8-4c2e-a2ae-48ae41c975ba
event_paywall_open,1710958405197000,b8d4d9a6-fe3f-4cfa-b9f2-be005da20913,b8d4d9a6-fe3f-4cfa-b9f2-be005da20913_1710958272412,/,3ee6c874-e2a8-4c2e-a2ae-48ae41c975ba
event_paywall_open,1710958512742000,139e40f8-e1ae-4e99-a906-bd4e837c05d0,139e40f8-e1ae-4e99-a906-bd4e837c05d0_1710958404904,/,3ee6c874-e2a8-4c2e-a2ae-48ae41c975ba
event_paywall_open,1710958670040000,0780ced4-b873-4600-aea0-65b555d79d91,0780ced4-b873-4600-aea0-65b555d79d91_1710958548376,/,3ee6c874-e2a8-4c2e-a2ae-48ae41c975ba
event_paywall_open,1710959020534000,3cd5a1fe-a65e-4ea8-807e-c1708bc9e30c,3cd5a1fe-a65e-4ea8-807e-c1708bc9e30c_1710958823410,/,3ee6c874-e2a8-4c2e-a2ae-48ae41c975ba
event_paywall_open,1710959308317000,fafe17ba-083d-4b4d-9502-634ab6418447,fafe17ba-083d-4b4d-9502-634ab6418447_1710959188542,/,3ee6c874-e2a8-4c2e-a2ae-48ae41c975ba
event_paywall_open,1710959546287000,67ba6b68-0366-4be5-8fb3-b6dbb5378d42,67ba6b68-0366-4be5-8fb3-b6dbb5378d42_1710959383411,/,3ee6c874-e2a8-4c2e-a2ae-48ae41c975ba
event_paywall_open,1710959592817000,67ba6b68-0366-4be5-8fb3-b6dbb5378d42,67ba6b68-0366-4be5-8fb3-b6dbb5378d42_1710959383411,/,23302041-9176-40ad-b7bd-686ff255035b
event_paywall_open,1710959596256000,67ba6b68-0366-4be5-8fb3-b6dbb5378d42,67ba6b68-0366-4be5-8fb3-b6dbb5378d42_1710959383411,/,3ee6c874-e2a8-4c2e-a2ae-48ae41c975ba
event_paywall_open,1710959602446000,67ba6b68-0366-4be5-8fb3-b6dbb5378d42,67ba6b68-0366-4be5-8fb3-b6dbb5378d42_1710959383411,/,f1f758c6-f81a-4133-8d64-b8fb6286260d
event_paywall_open,1710959607074000,67ba6b68-0366-4be5-8fb3-b6dbb5378d42,67ba6b68-0366-4be5-8fb3-b6dbb5378d42_1710959383411,/,3ee6c874-e2a8-4c2e-a2ae-48ae41c975ba
event_paywall_open,1710959611417000,67ba6b68-0366-4be5-8fb3-b6dbb5378d42,67ba6b68-0366-4be5-8fb3-b6dbb5378d42_1710959383411,/,23302041-9176-40ad-b7bd-686ff255035b
event_paywall_open,1710959620248000,67ba6b68-0366-4be5-8fb3-b6dbb5378d42,67ba6b68-0366-4be5-8fb3-b6dbb5378d42_1710959383411,/,3ee6c874-e2a8-4c2e-a2ae-48ae41c975ba
event_paywall_open,1710960135452000,33566200-bfbf-45aa-81d2-cba9a7a51861,33566200-bfbf-45aa-81d2-cba9a7a51861_1710960024513,/,3ee6c874-e2a8-4c2e-a2ae-48ae41c975ba
event_paywall_open,1710960161841000,33566200-bfbf-45aa-81d2-cba9a7a51861,33566200-bfbf-45aa-81d2-cba9a7a51861_1710960024513,/,23302041-9176-40ad-b7bd-686ff255035b
event_paywall_open,1710960170532000,33566200-bfbf-45aa-81d2-cba9a7a51861,33566200-bfbf-45aa-81d2-cba9a7a51861_1710960024513,/,3ee6c874-e2a8-4c2e-a2ae-48ae41c975ba
event_paywall_open,1710960176585000,33566200-bfbf-45aa-81d2-cba9a7a51861,33566200-bfbf-45aa-81d2-cba9a7a51861_1710960024513,/,f1f758c6-f81a-4133-8d64-b8fb6286260d
event_paywall_open,1710960178731000,33566200-bfbf-45aa-81d2-cba9a7a51861,33566200-bfbf-45aa-81d2-cba9a7a51861_1710960024513,/,3ee6c874-e2a8-4c2e-a2ae-48ae41c975ba
event_paywall_open,1710960183265000,33566200-bfbf-45aa-81d2-cba9a7a51861,33566200-bfbf-45aa-81d2-cba9a7a51861_1710960024513,/,f1f758c6-f81a-4133-8d64-b8fb6286260d
event_paywall_open,1710960198418000,33566200-bfbf-45aa-81d2-cba9a7a51861,33566200-bfbf-45aa-81d2-cba9a7a51861_1710960024513,/,3ee6c874-e2a8-4c2e-a2ae-48ae41c975ba
event_paywall_open,1710960572939000,a97cfd04-3554-4b6a-854a-9a3c51e14e6f,a97cfd04-3554-4b6a-854a-9a3c51e14e6f_1710960470179,/,3ee6c874-e2a8-4c2e-a2ae-48ae41c975ba
event_paywall_open,1710960896217000,f7665812-d273-4ed7-87f7-b8dbe8034d4a,f7665812-d273-4ed7-87f7-b8dbe8034d4a_1710960670751,/,3ee6c874-e2a8-4c2e-a2ae-48ae41c975ba
event_paywall_open,1710960941610000,f7665812-d273-4ed7-87f7-b8dbe8034d4a,f7665812-d273-4ed7-87f7-b8dbe8034d4a_1710960670751,/,f1f758c6-f81a-4133-8d64-b8fb6286260d
event_paywall_open,1710963681855000,2b969b36-e4f8-4503-b70b-e99eaeed7cf4,2b969b36-e4f8-4503-b70b-e99eaeed7cf4_1710963539324,/,23302041-9176-40ad-b7bd-686ff255035b
event_paywall_open,1710962123056000,00452094-4551-4729-9d69-891bba2298b9,00452094-4551-4729-9d69-891bba2298b9_1710962119201,/,3ee6c874-e2a8-4c2e-a2ae-48ae41c975ba
event_paywall_open,1710962247088000,846d9a73-fe71-4956-a33a-8a5a1a74870b,846d9a73-fe71-4956-a33a-8a5a1a74870b_1710962245539,/,3ee6c874-e2a8-4c2e-a2ae-48ae41c975ba
event_paywall_open,1710962358525000,846d9a73-fe71-4956-a33a-8a5a1a74870b,846d9a73-fe71-4956-a33a-8a5a1a74870b_1710962245539,/,f1f758c6-f81a-4133-8d64-b8fb6286260d
event_paywall_open,1710963230918000,a5687e3f-238b-4046-9630-203ac357133c,a5687e3f-238b-4046-9630-203ac357133c_1710963001125,/,3ee6c874-e2a8-4c2e-a2ae-48ae41c975ba
event_paywall_open,1710963655633000,483a22d4-e28c-481a-a1a2-74947f57a4dc,483a22d4-e28c-481a-a1a2-74947f57a4dc_1710963539324,/,3ee6c874-e2a8-4c2e-a2ae-48ae41c975ba
event_paywall_open,1710901234349000,9075abe3-e94d-43b5-a6b8-5f1d9ecc8c01,9075abe3-e94d-43b5-a6b8-5f1d9ecc8c01_1710901231848,/,3ee6c874-e2a8-4c2e-a2ae-48ae41c975ba
event_paywall_open,1710901513800000,5bf230ce-6055-4917-a92f-b644baf15ec0,5bf230ce-6055-4917-a92f-b644baf15ec0_1710901512256,/,3ee6c874-e2a8-4c2e-a2ae-48ae41c975ba
event_paywall_open,1710901548752000,5bf230ce-6055-4917-a92f-b644baf15ec0,5bf230ce-6055-4917-a92f-b644baf15ec0_1710901512256,/,23302041-9176-40ad-b7bd-686ff255035b
event_paywall_open,1710902750386000,25afcd7a-aef2-412f-a36a-6a8f640868d5,25afcd7a-aef2-412f-a36a-6a8f640868d5_1710902746857,/,3ee6c874-e2a8-4c2e-a2ae-48ae41c975ba
event_paywall_open,1709917981148000,ec44ed27-dc24-44d8-baed-c7aacb5cd9e6,ec44ed27-dc24-44d8-baed-c7aacb5cd9e6_1709917978614,/,3ee6c874-e2a8-4c2e-a2ae-48ae41c975ba
event_paywall_open,1710900845433000,ec44ed27-dc24-44d8-baed-c7aacb5cd9e6,ec44ed27-dc24-44d8-baed-c7aacb5cd9e6_1710900843456,/,3ee6c874-e2a8-4c2e-a2ae-48ae41c975ba
event_paywall_open,1710902697681000,5cb84f48-54e4-4ac7-9bc0-17a47fb083bb,5cb84f48-54e4-4ac7-9bc0-17a47fb083bb_1710902696009,/,3ee6c874-e2a8-4c2e-a2ae-48ae41c975ba
event_paywall_open,1710900436641000,666b8437-0932-4c1c-9ed9-2dae32a31583,666b8437-0932-4c1c-9ed9-2dae32a31583_1710900248633,/,3ee6c874-e2a8-4c2e-a2ae-48ae41c975ba
event_paywall_open,1710900466557000,666b8437-0932-4c1c-9ed9-2dae32a31583,666b8437-0932-4c1c-9ed9-2dae32a31583_1710900248633,/,f1f758c6-f81a-4133-8d64-b8fb6286260d
event_paywall_open,1710900474618000,666b8437-0932-4c1c-9ed9-2dae32a31583,666b8437-0932-4c1c-9ed9-2dae32a31583_1710900248633,/,3ee6c874-e2a8-4c2e-a2ae-48ae41c975ba
event_paywall_open,1710900485879000,666b8437-0932-4c1c-9ed9-2dae32a31583,666b8437-0932-4c1c-9ed9-2dae32a31583_1710900248633,/,f1f758c6-f81a-4133-8d64-b8fb6286260d
event_paywall_open,1710900489462000,666b8437-0932-4c1c-9ed9-2dae32a31583,666b8437-0932-4c1c-9ed9-2dae32a31583_1710900248633,/,3ee6c874-e2a8-4c2e-a2ae-48ae41c975ba
event_paywall_open,1710900497362000,666b8437-0932-4c1c-9ed9-2dae32a31583,666b8437-0932-4c1c-9ed9-2dae32a31583_1710900248633,/,23302041-9176-40ad-b7bd-686ff255035b
event_paywall_open,1710900512802000,666b8437-0932-4c1c-9ed9-2dae32a31583,666b8437-0932-4c1c-9ed9-2dae32a31583_1710900248633,/,3ee6c874-e2a8-4c2e-a2ae-48ae41c975ba
event_paywall_open,1710900521314000,666b8437-0932-4c1c-9ed9-2dae32a31583,666b8437-0932-4c1c-9ed9-2dae32a31583_1710900248633,/,23302041-9176-40ad-b7bd-686ff255035b
event_paywall_open,1710900523470000,666b8437-0932-4c1c-9ed9-2dae32a31583,666b8437-0932-4c1c-9ed9-2dae32a31583_1710900248633,/,3ee6c874-e2a8-4c2e-a2ae-48ae41c975ba
event_paywall_open,1710901740269000,a1aebf8a-ae35-49d3-8fbe-cc8c7b6e4f7a,a1aebf8a-ae35-49d3-8fbe-cc8c7b6e4f7a_1710901181541,/,3ee6c874-e2a8-4c2e-a2ae-48ae41c975ba
event_paywall_open,1710901542869000,47906572-0bea-42fb-a516-ad379f3bac30,47906572-0bea-42fb-a516-ad379f3bac30_1710901377274,/,3ee6c874-e2a8-4c2e-a2ae-48ae41c975ba
event_paywall_open,1710902059169000,ce5e2ac1-c0ed-4b54-b142-7f4d2634c750,ce5e2ac1-c0ed-4b54-b142-7f4d2634c750_1710901908091,/,3ee6c874-e2a8-4c2e-a2ae-48ae41c975ba
event_paywall_open,1710902084834000,ce5e2ac1-c0ed-4b54-b142-7f4d2634c750,ce5e2ac1-c0ed-4b54-b142-7f4d2634c750_1710901908091,/,23302041-9176-40ad-b7bd-686ff255035b
event_paywall_open,1710902099982000,ce5e2ac1-c0ed-4b54-b142-7f4d2634c750,ce5e2ac1-c0ed-4b54-b142-7f4d2634c750_1710901908091,/,3ee6c874-e2a8-4c2e-a2ae-48ae41c975ba
event_paywall_open,1710902106299000,ce5e2ac1-c0ed-4b54-b142-7f4d2634c750,ce5e2ac1-c0ed-4b54-b142-7f4d2634c750_1710901908091,/,f1f758c6-f81a-4133-8d64-b8fb6286260d
event_paywall_open,1710902371137000,fa419654-fd24-4f79-bc38-664d3dfb73a1,fa419654-fd24-4f79-bc38-664d3dfb73a1_1710902252983,/,3ee6c874-e2a8-4c2e-a2ae-48ae41c975ba
event_paywall_open,1710903179552000,d2b54ad0-dda0-4fe2-aab9-4663f5e86b54,d2b54ad0-dda0-4fe2-aab9-4663f5e86b54_1710902938133,/,3ee6c874-e2a8-4c2e-a2ae-48ae41c975ba
event_paywall_open,1710965406132000,4495403a-6ec0-4261-8c4f-89a1508a9fc9,4495403a-6ec0-4261-8c4f-89a1508a9fc9_1710965403844,/,3ee6c874-e2a8-4c2e-a2ae-48ae41c975ba
event_paywall_open,1710256176823000,adfbd0b8-f29c-4c30-87b8-0b9f4bdf4797,adfbd0b8-f29c-4c30-87b8-0b9f4bdf4797_1710256174310,/,3ee6c874-e2a8-4c2e-a2ae-48ae41c975ba
event_paywall_open,1710667083343000,adfbd0b8-f29c-4c30-87b8-0b9f4bdf4797,adfbd0b8-f29c-4c30-87b8-0b9f4bdf4797_1710667080118,/,3ee6c874-e2a8-4c2e-a2ae-48ae41c975ba
event_paywall_open,1710961958436000,adfbd0b8-f29c-4c30-87b8-0b9f4bdf4797,adfbd0b8-f29c-4c30-87b8-0b9f4bdf4797_1710961954916,/,3ee6c874-e2a8-4c2e-a2ae-48ae41c975ba
event_paywall_open,1710965450411000,6a8c4e09-ba9c-4ebd-8eea-16e9c482290d,6a8c4e09-ba9c-4ebd-8eea-16e9c482290d_1710965448321,/,3ee6c874-e2a8-4c2e-a2ae-48ae41c975ba
event_paywall_open,1710967142446000,cce91108-ada9-4234-9a49-debe756ae2ac,cce91108-ada9-4234-9a49-debe756ae2ac_1710967138711,/,3ee6c874-e2a8-4c2e-a2ae-48ae41c975ba
event_paywall_open,1707252487987000,b09f281d-1233-462d-a589-8ff16b86ddff,b09f281d-1233-462d-a589-8ff16b86ddff_1707252485130,/,9430e36a-4887-4f28-a2c4-cf3a5971e33e
event_paywall_open,1710964985414000,b09f281d-1233-462d-a589-8ff16b86ddff,b09f281d-1233-462d-a589-8ff16b86ddff_1710964982718,/,3ee6c874-e2a8-4c2e-a2ae-48ae41c975ba
event_paywall_open,1710964841149000,b04fe8c9-5e06-44cf-a37f-b51ac4620a6d,b04fe8c9-5e06-44cf-a37f-b51ac4620a6d_1710964823238,/,3ee6c874-e2a8-4c2e-a2ae-48ae41c975ba
event_paywall_open,1710967092778000,6b2c69e8-e130-4ee4-a42e-5883bd08532d,6b2c69e8-e130-4ee4-a42e-5883bd08532d_1710967091355,/,3ee6c874-e2a8-4c2e-a2ae-48ae41c975ba
event_paywall_open,1710965422278000,0b248327-5ffa-4e85-9dc5-cd0ba69f85b9,0b248327-5ffa-4e85-9dc5-cd0ba69f85b9_1710965304777,/,3ee6c874-e2a8-4c2e-a2ae-48ae41c975ba
event_paywall_open,1710965480110000,ea05cd28-2199-4434-8d12-111e717bdd4e,ea05cd28-2199-4434-8d12-111e717bdd4e_1710965404973,/,3ee6c874-e2a8-4c2e-a2ae-48ae41c975ba
event_paywall_open,1710965882983000,ca5649b8-721f-43f4-82ab-0e849c0c3cb6,ca5649b8-721f-43f4-82ab-0e849c0c3cb6_1710965663409,/,3ee6c874-e2a8-4c2e-a2ae-48ae41c975ba
event_paywall_open,1710965916542000,3ba228ef-1ed4-48df-9ae7-c3df74edf878,3ba228ef-1ed4-48df-9ae7-c3df74edf878_1710965803197,/,3ee6c874-e2a8-4c2e-a2ae-48ae41c975ba
event_paywall_open,1710966005146000,5442d238-a38c-4c72-a128-bdfb8ee1734f,5442d238-a38c-4c72-a128-bdfb8ee1734f_1710965922715,/,3ee6c874-e2a8-4c2e-a2ae-48ae41c975ba
event_paywall_open,1710966172023000,df9628c5-d63a-43a5-8dfe-95dbcf1dbf47,df9628c5-d63a-43a5-8dfe-95dbcf1dbf47_1710966029583,/,3ee6c874-e2a8-4c2e-a2ae-48ae41c975ba
event_paywall_open,1710967028721000,d2aa1270-ea72-4a2f-a074-6dd83bd73cb9,d2aa1270-ea72-4a2f-a074-6dd83bd73cb9_1710966895000,/,3ee6c874-e2a8-4c2e-a2ae-48ae41c975ba
event_paywall_open,1710967852439000,e7ed50a7-0116-4e99-b657-1dc9e7151ffa,e7ed50a7-0116-4e99-b657-1dc9e7151ffa_1710967690977,/,3ee6c874-e2a8-4c2e-a2ae-48ae41c975ba
event_paywall_open,1710967877239000,e7ed50a7-0116-4e99-b657-1dc9e7151ffa,e7ed50a7-0116-4e99-b657-1dc9e7151ffa_1710967690977,/,23302041-9176-40ad-b7bd-686ff255035b
event_paywall_open,1710967883543000,e7ed50a7-0116-4e99-b657-1dc9e7151ffa,e7ed50a7-0116-4e99-b657-1dc9e7151ffa_1710967690977,/,3ee6c874-e2a8-4c2e-a2ae-48ae41c975ba
event_paywall_open,1710967889937000,e7ed50a7-0116-4e99-b657-1dc9e7151ffa,e7ed50a7-0116-4e99-b657-1dc9e7151ffa_1710967690977,/,23302041-9176-40ad-b7bd-686ff255035b
event_paywall_open,1710967914677000,e7ed50a7-0116-4e99-b657-1dc9e7151ffa,e7ed50a7-0116-4e99-b657-1dc9e7151ffa_1710967690977,/,3ee6c874-e2a8-4c2e-a2ae-48ae41c975ba
event_paywall_open,1710967942063000,e7ed50a7-0116-4e99-b657-1dc9e7151ffa,e7ed50a7-0116-4e99-b657-1dc9e7151ffa_1710967690977,/,23302041-9176-40ad-b7bd-686ff255035b
event_paywall_open,1710967948436000,e7ed50a7-0116-4e99-b657-1dc9e7151ffa,e7ed50a7-0116-4e99-b657-1dc9e7151ffa_1710967690977,/,3ee6c874-e2a8-4c2e-a2ae-48ae41c975ba
event_paywall_open,1710967926240000,b27b8466-7c6e-42d0-b1e7-340f48334298,b27b8466-7c6e-42d0-b1e7-340f48334298_1710967824233,/,3ee6c874-e2a8-4c2e-a2ae-48ae41c975ba
event_paywall_open,1710967955810000,b27b8466-7c6e-42d0-b1e7-340f48334298,b27b8466-7c6e-42d0-b1e7-340f48334298_1710967824233,/,23302041-9176-40ad-b7bd-686ff255035b
event_paywall_open,1710967962198000,b27b8466-7c6e-42d0-b1e7-340f48334298,b27b8466-7c6e-42d0-b1e7-340f48334298_1710967824233,/,3ee6c874-e2a8-4c2e-a2ae-48ae41c975ba
event_paywall_open,1710967970742000,b27b8466-7c6e-42d0-b1e7-340f48334298,b27b8466-7c6e-42d0-b1e7-340f48334298_1710967824233,/,23302041-9176-40ad-b7bd-686ff255035b
event_paywall_open,1710967973777000,b27b8466-7c6e-42d0-b1e7-340f48334298,b27b8466-7c6e-42d0-b1e7-340f48334298_1710967824233,/,3ee6c874-e2a8-4c2e-a2ae-48ae41c975ba
event_paywall_open,1708898867217000,a43fe591-5069-421e-bf3c-3c0a957e7567,a43fe591-5069-421e-bf3c-3c0a957e7567_1708898866175,/,f6f87b59-2c59-4152-bed9-09b0cb8cad97
event_paywall_open,1710968463247000,a43fe591-5069-421e-bf3c-3c0a957e7567,a43fe591-5069-421e-bf3c-3c0a957e7567_1710968462625,/,3ee6c874-e2a8-4c2e-a2ae-48ae41c975ba
event_paywall_open,1710968416201000,898d2b22-b92c-4902-ab41-20325402f1aa,898d2b22-b92c-4902-ab41-20325402f1aa_1710968414882,/,3ee6c874-e2a8-4c2e-a2ae-48ae41c975ba
event_paywall_open,1710969582271000,c5d9dcb2-2c3f-4b01-bc29-112268248dcb,c5d9dcb2-2c3f-4b01-bc29-112268248dcb_1710969580064,/,3ee6c874-e2a8-4c2e-a2ae-48ae41c975ba
event_paywall_open,1710969812597000,5394aa5d-e3a2-4f4b-86ca-93b84bfeb007,5394aa5d-e3a2-4f4b-86ca-93b84bfeb007_1710969809386,/,3ee6c874-e2a8-4c2e-a2ae-48ae41c975ba
event_paywall_open,1710165666614000,d5f58615-fcf5-46ba-8016-6878ce4b1d1c,d5f58615-fcf5-46ba-8016-6878ce4b1d1c_1710165664227,/,3ee6c874-e2a8-4c2e-a2ae-48ae41c975ba
event_paywall_open,1710971895770000,d5f58615-fcf5-46ba-8016-6878ce4b1d1c,d5f58615-fcf5-46ba-8016-6878ce4b1d1c_1710971894759,/,3ee6c874-e2a8-4c2e-a2ae-48ae41c975ba
event_paywall_open,1710968419426000,542e1841-9483-4bdd-9844-76bd3b829ffa,542e1841-9483-4bdd-9844-76bd3b829ffa_1710968417994,/,3ee6c874-e2a8-4c2e-a2ae-48ae41c975ba
event_paywall_open,1710905412278000,14e219c6-6f32-4b9c-993e-24c455fb48eb,14e219c6-6f32-4b9c-993e-24c455fb48eb_1710905409894,/,3ee6c874-e2a8-4c2e-a2ae-48ae41c975ba
event_paywall_open,1710968948847000,14e219c6-6f32-4b9c-993e-24c455fb48eb,14e219c6-6f32-4b9c-993e-24c455fb48eb_1710968944136,/,3ee6c874-e2a8-4c2e-a2ae-48ae41c975ba
event_paywall_open,1710968420627000,79bec465-7cd9-434c-af63-82bc57ce54e6,79bec465-7cd9-434c-af63-82bc57ce54e6_1710968419408,/,3ee6c874-e2a8-4c2e-a2ae-48ae41c975ba
event_paywall_open,1710970505319000,a950db6b-f888-4f15-9aea-8f3b7a01a304,a950db6b-f888-4f15-9aea-8f3b7a01a304_1710970484191,/,3ee6c874-e2a8-4c2e-a2ae-48ae41c975ba
event_paywall_open,1710970513991000,a950db6b-f888-4f15-9aea-8f3b7a01a304,a950db6b-f888-4f15-9aea-8f3b7a01a304_1710970484191,/,3ee6c874-e2a8-4c2e-a2ae-48ae41c975ba
event_paywall_open,1710969347803000,928668f1-1810-430d-9f4a-774d90b03208,928668f1-1810-430d-9f4a-774d90b03208_1710969329574,/,3ee6c874-e2a8-4c2e-a2ae-48ae41c975ba
event_paywall_open,1710968568575000,a60794ca-79b1-4ec7-87cc-16640749552c,a60794ca-79b1-4ec7-87cc-16640749552c_1710968479993,/,3ee6c874-e2a8-4c2e-a2ae-48ae41c975ba
event_paywall_open,1710969019043000,faec4d66-82b0-445c-80be-51e1869d3f76,faec4d66-82b0-445c-80be-51e1869d3f76_1710968843889,/,3ee6c874-e2a8-4c2e-a2ae-48ae41c975ba
event_paywall_open,1710969050881000,faec4d66-82b0-445c-80be-51e1869d3f76,faec4d66-82b0-445c-80be-51e1869d3f76_1710968843889,/,f1f758c6-f81a-4133-8d64-b8fb6286260d
event_paywall_open,1710969080475000,faec4d66-82b0-445c-80be-51e1869d3f76,faec4d66-82b0-445c-80be-51e1869d3f76_1710968843889,/,3ee6c874-e2a8-4c2e-a2ae-48ae41c975ba
event_paywall_open,1710969089588000,faec4d66-82b0-445c-80be-51e1869d3f76,faec4d66-82b0-445c-80be-51e1869d3f76_1710968843889,/,f1f758c6-f81a-4133-8d64-b8fb6286260d
event_paywall_open,1710969094111000,faec4d66-82b0-445c-80be-51e1869d3f76,faec4d66-82b0-445c-80be-51e1869d3f76_1710968843889,/,3ee6c874-e2a8-4c2e-a2ae-48ae41c975ba
event_paywall_open,1710969145831000,faec4d66-82b0-445c-80be-51e1869d3f76,faec4d66-82b0-445c-80be-51e1869d3f76_1710968843889,/,23302041-9176-40ad-b7bd-686ff255035b
event_paywall_open,1710969159328000,faec4d66-82b0-445c-80be-51e1869d3f76,faec4d66-82b0-445c-80be-51e1869d3f76_1710968843889,/,3ee6c874-e2a8-4c2e-a2ae-48ae41c975ba
event_paywall_open,1710969716688000,ea494e5f-c230-4ff0-a871-a3358ce15f20,ea494e5f-c230-4ff0-a871-a3358ce15f20_1710969505916,/,3ee6c874-e2a8-4c2e-a2ae-48ae41c975ba
event_paywall_open,1710969952604000,cba80920-95da-4972-aaa4-c65a4f2c97d3,cba80920-95da-4972-aaa4-c65a4f2c97d3_1710969871203,/,3ee6c874-e2a8-4c2e-a2ae-48ae41c975ba
event_paywall_open,1710970018226000,812f88bd-1570-43fa-89c7-aba2067b73ae,812f88bd-1570-43fa-89c7-aba2067b73ae_1710969889710,/,3ee6c874-e2a8-4c2e-a2ae-48ae41c975ba
event_paywall_open,1710970601114000,820e748e-9066-4ba4-ace2-6f4a124b3db3,820e748e-9066-4ba4-ace2-6f4a124b3db3_1710970108477,/,3ee6c874-e2a8-4c2e-a2ae-48ae41c975ba
event_paywall_open,1710971211819000,a27ffb51-f90d-4247-8557-4ffae63b54d6,a27ffb51-f90d-4247-8557-4ffae63b54d6_1710971095751,/,3ee6c874-e2a8-4c2e-a2ae-48ae41c975ba
event_paywall_open,1710971844089000,d526c0c4-0ce8-4920-845f-5bad8b716ab5,d526c0c4-0ce8-4920-845f-5bad8b716ab5_1710971627499,/,3ee6c874-e2a8-4c2e-a2ae-48ae41c975ba
event_paywall_open,1710972010527000,2b01b676-45cd-46d5-bbef-2a4d52a9d436,2b01b676-45cd-46d5-bbef-2a4d52a9d436_1710972008952,/,3ee6c874-e2a8-4c2e-a2ae-48ae41c975ba
event_paywall_open,1710975271958000,3101812c-84f3-4eca-a163-4f89f8c4fa8d,3101812c-84f3-4eca-a163-4f89f8c4fa8d_1710975269294,/,3ee6c874-e2a8-4c2e-a2ae-48ae41c975ba
event_paywall_open,1710972241081000,0016d467-5bf0-4256-b7bd-983aa0678cec,0016d467-5bf0-4256-b7bd-983aa0678cec_1710972237352,/,3ee6c874-e2a8-4c2e-a2ae-48ae41c975ba
event_paywall_open,1710972454125000,a9e32682-6dba-493b-8753-d2954b276d29,a9e32682-6dba-493b-8753-d2954b276d29_1710972452933,/,3ee6c874-e2a8-4c2e-a2ae-48ae41c975ba
event_paywall_open,1710972365649000,76bf5647-6434-45f9-9b4a-7c1fc1acba50,76bf5647-6434-45f9-9b4a-7c1fc1acba50_1710972226300,/,3ee6c874-e2a8-4c2e-a2ae-48ae41c975ba
event_paywall_open,1710972391485000,76bf5647-6434-45f9-9b4a-7c1fc1acba50,76bf5647-6434-45f9-9b4a-7c1fc1acba50_1710972226300,/,23302041-9176-40ad-b7bd-686ff255035b
event_paywall_open,1710973247520000,c5f6b45e-9f8a-49ec-a1fe-a810e05abc75,c5f6b45e-9f8a-49ec-a1fe-a810e05abc75_1710973063724,/,3ee6c874-e2a8-4c2e-a2ae-48ae41c975ba
event_paywall_open,1710973272968000,c5f6b45e-9f8a-49ec-a1fe-a810e05abc75,c5f6b45e-9f8a-49ec-a1fe-a810e05abc75_1710973063724,/,f1f758c6-f81a-4133-8d64-b8fb6286260d
event_paywall_open,1710973276588000,c5f6b45e-9f8a-49ec-a1fe-a810e05abc75,c5f6b45e-9f8a-49ec-a1fe-a810e05abc75_1710973063724,/,3ee6c874-e2a8-4c2e-a2ae-48ae41c975ba
event_paywall_open,1710973279780000,c5f6b45e-9f8a-49ec-a1fe-a810e05abc75,c5f6b45e-9f8a-49ec-a1fe-a810e05abc75_1710973063724,/,23302041-9176-40ad-b7bd-686ff255035b
event_paywall_open,1710973287930000,c5f6b45e-9f8a-49ec-a1fe-a810e05abc75,c5f6b45e-9f8a-49ec-a1fe-a810e05abc75_1710973063724,/,3ee6c874-e2a8-4c2e-a2ae-48ae41c975ba
event_paywall_open,1710973670252000,db2e9515-1e72-4c80-ba86-8ba946438e2f,db2e9515-1e72-4c80-ba86-8ba946438e2f_1710973550537,/,3ee6c874-e2a8-4c2e-a2ae-48ae41c975ba
event_paywall_open,1710973797145000,e5710793-bf55-4041-a16d-e8959c9a9dfe,e5710793-bf55-4041-a16d-e8959c9a9dfe_1710973699186,/,3ee6c874-e2a8-4c2e-a2ae-48ae41c975ba
event_paywall_open,1710973816185000,e5710793-bf55-4041-a16d-e8959c9a9dfe,e5710793-bf55-4041-a16d-e8959c9a9dfe_1710973699186,/,3ee6c874-e2a8-4c2e-a2ae-48ae41c975ba
event_paywall_open,1710973844543000,e5710793-bf55-4041-a16d-e8959c9a9dfe,e5710793-bf55-4041-a16d-e8959c9a9dfe_1710973699186,/,23302041-9176-40ad-b7bd-686ff255035b
event_paywall_open,1710973846416000,e5710793-bf55-4041-a16d-e8959c9a9dfe,e5710793-bf55-4041-a16d-e8959c9a9dfe_1710973699186,/,3ee6c874-e2a8-4c2e-a2ae-48ae41c975ba
event_paywall_open,1710973850278000,e5710793-bf55-4041-a16d-e8959c9a9dfe,e5710793-bf55-4041-a16d-e8959c9a9dfe_1710973699186,/,23302041-9176-40ad-b7bd-686ff255035b
event_paywall_open,1710974621418000,bc642cca-3eed-4b0e-911b-3948865229e2,bc642cca-3eed-4b0e-911b-3948865229e2_1710974401784,/,3ee6c874-e2a8-4c2e-a2ae-48ae41c975ba
event_paywall_open,1710976250714000,3101812c-84f3-4eca-a163-4f89f8c4fa8d,3101812c-84f3-4eca-a163-4f89f8c4fa8d_1710976248266,/,3ee6c874-e2a8-4c2e-a2ae-48ae41c975ba
event_paywall_open,1710977570126000,c6323ccb-9d71-419b-a6f6-5087bb3f7de6,c6323ccb-9d71-419b-a6f6-5087bb3f7de6_1710977568309,/,3ee6c874-e2a8-4c2e-a2ae-48ae41c975ba
event_paywall_open,1710899886579000,4811ed2b-4c9e-41fe-a73b-3ccd878d679f,4811ed2b-4c9e-41fe-a73b-3ccd878d679f_1710899885434,/,3ee6c874-e2a8-4c2e-a2ae-48ae41c975ba
event_paywall_open,1710977476290000,4811ed2b-4c9e-41fe-a73b-3ccd878d679f,4811ed2b-4c9e-41fe-a73b-3ccd878d679f_1710977475481,/,3ee6c874-e2a8-4c2e-a2ae-48ae41c975ba
event_paywall_open,1710977208523000,9e816eef-6d69-4bc2-b51e-59562e2b6b54,9e816eef-6d69-4bc2-b51e-59562e2b6b54_1710977205044,/,3ee6c874-e2a8-4c2e-a2ae-48ae41c975ba
event_paywall_open,1710977222298000,9e816eef-6d69-4bc2-b51e-59562e2b6b54,9e816eef-6d69-4bc2-b51e-59562e2b6b54_1710977205044,/,3ee6c874-e2a8-4c2e-a2ae-48ae41c975ba
event_paywall_open,1710976381116000,f67f2be2-b87c-44f3-a588-5d00821da46a,f67f2be2-b87c-44f3-a588-5d00821da46a_1710976371512,/,3ee6c874-e2a8-4c2e-a2ae-48ae41c975ba
event_paywall_open,1710976633396000,5d3a1992-4990-46a6-b7d2-b3d06a79d190,5d3a1992-4990-46a6-b7d2-b3d06a79d190_1710976575071,/,3ee6c874-e2a8-4c2e-a2ae-48ae41c975ba
event_paywall_open,1710975941672000,16e3becf-3a61-4db3-ae03-d7d128a36511,16e3becf-3a61-4db3-ae03-d7d128a36511_1710975693201,/,3ee6c874-e2a8-4c2e-a2ae-48ae41c975ba
event_paywall_open,1710977379220000,066aec0d-9962-4a16-a31c-abebf824ca51,066aec0d-9962-4a16-a31c-abebf824ca51_1710977203070,/,3ee6c874-e2a8-4c2e-a2ae-48ae41c975ba
event_paywall_open,1710977419525000,066aec0d-9962-4a16-a31c-abebf824ca51,066aec0d-9962-4a16-a31c-abebf824ca51_1710977203070,/,f1f758c6-f81a-4133-8d64-b8fb6286260d
event_paywall_open,1710905416970000,d4d6578c-6222-42a1-a333-02ca47bd567e,d4d6578c-6222-42a1-a333-02ca47bd567e_1710905413250,/,3ee6c874-e2a8-4c2e-a2ae-48ae41c975ba
event_paywall_open,1710885617813000,e231836a-f34f-43cc-8d9b-f436abbd0acf,e231836a-f34f-43cc-8d9b-f436abbd0acf_1710885615843,/,3ee6c874-e2a8-4c2e-a2ae-48ae41c975ba
event_paywall_open,1710904179317000,29723199-a406-4971-a063-228daa92f3c9,29723199-a406-4971-a063-228daa92f3c9_1710904173137,/,3ee6c874-e2a8-4c2e-a2ae-48ae41c975ba
event_paywall_open,1710904880868000,56901f83-55ed-468f-87a6-4cef78d4d0c1,56901f83-55ed-468f-87a6-4cef78d4d0c1_1710904879279,/,3ee6c874-e2a8-4c2e-a2ae-48ae41c975ba
event_paywall_open,1710906649324000,3ae1de33-0052-4fa4-8bf1-a1b13c426c2f,3ae1de33-0052-4fa4-8bf1-a1b13c426c2f_1710906537213,/,3ee6c874-e2a8-4c2e-a2ae-48ae41c975ba
event_paywall_open,1710906682220000,3ae1de33-0052-4fa4-8bf1-a1b13c426c2f,3ae1de33-0052-4fa4-8bf1-a1b13c426c2f_1710906537213,/,23302041-9176-40ad-b7bd-686ff255035b
event_paywall_open,1710909769318000,582a88d5-e55f-4c0e-ab14-cd36a2671cb3,582a88d5-e55f-4c0e-ab14-cd36a2671cb3_1710909765736,/,3ee6c874-e2a8-4c2e-a2ae-48ae41c975ba
event_paywall_open,1710910574634000,fa59cf0c-1845-4f3c-9601-81e7c84ca766,fa59cf0c-1845-4f3c-9601-81e7c84ca766_1710910573119,/,3ee6c874-e2a8-4c2e-a2ae-48ae41c975ba
event_paywall_open,1710909943106000,3f84843e-63b2-43e8-a275-05b1f738dbc6,3f84843e-63b2-43e8-a275-05b1f738dbc6_1710909939902,/,3ee6c874-e2a8-4c2e-a2ae-48ae41c975ba
event_paywall_open,1710910108871000,7908b704-474b-4d16-b588-0668e61ce769,7908b704-474b-4d16-b588-0668e61ce769_1710910106684,/,23302041-9176-40ad-b7bd-686ff255035b
event_paywall_open,1710907330445000,de28641b-3654-4ced-8b2c-55e37f72fbfb,de28641b-3654-4ced-8b2c-55e37f72fbfb_1710907193509,/,3ee6c874-e2a8-4c2e-a2ae-48ae41c975ba
event_paywall_open,1710907534061000,418f8041-0e92-4f3e-82ad-beb6b1abcd0c,418f8041-0e92-4f3e-82ad-beb6b1abcd0c_1710907417643,/,3ee6c874-e2a8-4c2e-a2ae-48ae41c975ba
event_paywall_open,1710907885357000,15bfd903-dc63-408c-aed9-249b6939f617,15bfd903-dc63-408c-aed9-249b6939f617_1710907673903,/,3ee6c874-e2a8-4c2e-a2ae-48ae41c975ba
event_paywall_open,1710908870643000,e3b78c32-f959-48f3-a41c-19fc8642f1f9,e3b78c32-f959-48f3-a41c-19fc8642f1f9_1710908777711,/,3ee6c874-e2a8-4c2e-a2ae-48ae41c975ba
event_paywall_open,1710908896485000,e3b78c32-f959-48f3-a41c-19fc8642f1f9,e3b78c32-f959-48f3-a41c-19fc8642f1f9_1710908777711,/,f1f758c6-f81a-4133-8d64-b8fb6286260d
event_paywall_open,1710908908368000,e3b78c32-f959-48f3-a41c-19fc8642f1f9,e3b78c32-f959-48f3-a41c-19fc8642f1f9_1710908777711,/,3ee6c874-e2a8-4c2e-a2ae-48ae41c975ba
event_paywall_open,1710909004137000,2228b6f6-149b-4285-bfa6-76634edecfc5,2228b6f6-149b-4285-bfa6-76634edecfc5_1710908824805,/,3ee6c874-e2a8-4c2e-a2ae-48ae41c975ba
event_paywall_open,1710909060142000,deb2a365-f7e2-4453-81f3-307be50145f3,deb2a365-f7e2-4453-81f3-307be50145f3_1710908888259,/,3ee6c874-e2a8-4c2e-a2ae-48ae41c975ba
event_paywall_open,1710909083275000,deb2a365-f7e2-4453-81f3-307be50145f3,deb2a365-f7e2-4453-81f3-307be50145f3_1710908888259,/,23302041-9176-40ad-b7bd-686ff255035b
event_paywall_open,1710909765891000,615b370e-53a9-48b2-8c42-0ac50c79aa37,615b370e-53a9-48b2-8c42-0ac50c79aa37_1710909499228,/,3ee6c874-e2a8-4c2e-a2ae-48ae41c975ba
event_paywall_open,1710910659110000,6d3fc37f-996e-4b04-baed-712d87c818a3,6d3fc37f-996e-4b04-baed-712d87c818a3_1710910540537,/,3ee6c874-e2a8-4c2e-a2ae-48ae41c975ba
event_paywall_open,1710911144615000,7501ef58-7263-4887-8bb7-c60fef565c40,7501ef58-7263-4887-8bb7-c60fef565c40_1710911143507,/,3ee6c874-e2a8-4c2e-a2ae-48ae41c975ba
event_paywall_open,1710911172291000,7501ef58-7263-4887-8bb7-c60fef565c40,7501ef58-7263-4887-8bb7-c60fef565c40_1710911143507,/,23302041-9176-40ad-b7bd-686ff255035b
event_paywall_open,1710911181063000,7501ef58-7263-4887-8bb7-c60fef565c40,7501ef58-7263-4887-8bb7-c60fef565c40_1710911143507,/,3ee6c874-e2a8-4c2e-a2ae-48ae41c975ba
event_paywall_open,1710913103814000,0bd4ea03-76b0-491a-b982-9602f12720bb,0bd4ea03-76b0-491a-b982-9602f12720bb_1710913082306,/,3ee6c874-e2a8-4c2e-a2ae-48ae41c975ba
event_paywall_open,1710911220023000,c0524085-9b27-4888-b7b2-ad64e93da43d,c0524085-9b27-4888-b7b2-ad64e93da43d_1710911126516,/,3ee6c874-e2a8-4c2e-a2ae-48ae41c975ba
event_paywall_open,1710913601169000,42208f1c-bdc9-4a83-89c3-801263b5743f,42208f1c-bdc9-4a83-89c3-801263b5743f_1710913467356,/,3ee6c874-e2a8-4c2e-a2ae-48ae41c975ba
event_paywall_open,1710913629574000,42208f1c-bdc9-4a83-89c3-801263b5743f,42208f1c-bdc9-4a83-89c3-801263b5743f_1710913467356,/,23302041-9176-40ad-b7bd-686ff255035b
event_paywall_open,1710913636642000,42208f1c-bdc9-4a83-89c3-801263b5743f,42208f1c-bdc9-4a83-89c3-801263b5743f_1710913467356,/,3ee6c874-e2a8-4c2e-a2ae-48ae41c975ba
event_paywall_open,1710913641546000,42208f1c-bdc9-4a83-89c3-801263b5743f,42208f1c-bdc9-4a83-89c3-801263b5743f_1710913467356,/,23302041-9176-40ad-b7bd-686ff255035b
event_paywall_open,1710914738262000,dad33d45-6f35-475a-abb9-7a1e9920d9f8,dad33d45-6f35-475a-abb9-7a1e9920d9f8_1710914734735,/,3ee6c874-e2a8-4c2e-a2ae-48ae41c975ba
event_paywall_open,1710915383835000,4366c0f8-9426-4162-89d3-7fa935dfebfc,4366c0f8-9426-4162-89d3-7fa935dfebfc_1710915380080,/,3ee6c874-e2a8-4c2e-a2ae-48ae41c975ba
event_paywall_open,1710916663365000,29723199-a406-4971-a063-228daa92f3c9,29723199-a406-4971-a063-228daa92f3c9_1710916659554,/,3ee6c874-e2a8-4c2e-a2ae-48ae41c975ba
event_paywall_open,1709496364069000,0a0c5d31-608c-45fd-9efa-c8e8dca1afba,0a0c5d31-608c-45fd-9efa-c8e8dca1afba_1709496361286,/,3ee6c874-e2a8-4c2e-a2ae-48ae41c975ba
event_paywall_open,1710915904497000,0a0c5d31-608c-45fd-9efa-c8e8dca1afba,0a0c5d31-608c-45fd-9efa-c8e8dca1afba_1710915902325,/,3ee6c874-e2a8-4c2e-a2ae-48ae41c975ba
event_paywall_open,1710915932275000,0a0c5d31-608c-45fd-9efa-c8e8dca1afba,0a0c5d31-608c-45fd-9efa-c8e8dca1afba_1710915902325,/,f1f758c6-f81a-4133-8d64-b8fb6286260d
event_paywall_open,1710914391798000,a5ec369b-6894-438a-8aa4-cf0a6c9fa0c7,a5ec369b-6894-438a-8aa4-cf0a6c9fa0c7_1710914390586,/,3ee6c874-e2a8-4c2e-a2ae-48ae41c975ba
event_paywall_open,1710915973857000,a5ec369b-6894-438a-8aa4-cf0a6c9fa0c7,a5ec369b-6894-438a-8aa4-cf0a6c9fa0c7_1710915971992,/,3ee6c874-e2a8-4c2e-a2ae-48ae41c975ba
event_paywall_open,1710914873283000,2dc59de3-c0b0-4636-8ba0-61c4c2cdbb2f,2dc59de3-c0b0-4636-8ba0-61c4c2cdbb2f_1710914562230,/,3ee6c874-e2a8-4c2e-a2ae-48ae41c975ba
event_paywall_open,1710914982703000,a395c4e0-b082-4656-ab48-234e464d0dec,a395c4e0-b082-4656-ab48-234e464d0dec_1710914827056,/,3ee6c874-e2a8-4c2e-a2ae-48ae41c975ba
event_paywall_open,1710915866148000,a395c4e0-b082-4656-ab48-234e464d0dec,a395c4e0-b082-4656-ab48-234e464d0dec_1710915858401,/,f1f758c6-f81a-4133-8d64-b8fb6286260d
event_paywall_open,1710915871319000,a395c4e0-b082-4656-ab48-234e464d0dec,a395c4e0-b082-4656-ab48-234e464d0dec_1710915858401,/,3ee6c874-e2a8-4c2e-a2ae-48ae41c975ba
event_paywall_open,1710915874920000,a395c4e0-b082-4656-ab48-234e464d0dec,a395c4e0-b082-4656-ab48-234e464d0dec_1710915858401,/,23302041-9176-40ad-b7bd-686ff255035b
event_paywall_open,1710915882845000,a395c4e0-b082-4656-ab48-234e464d0dec,a395c4e0-b082-4656-ab48-234e464d0dec_1710915858401,/,3ee6c874-e2a8-4c2e-a2ae-48ae41c975ba
event_paywall_open,1710915648789000,7e88d7f7-5345-4a5e-9995-313cdaef2b1a,7e88d7f7-5345-4a5e-9995-313cdaef2b1a_1710915543064,/,3ee6c874-e2a8-4c2e-a2ae-48ae41c975ba
event_paywall_open,1710915670258000,7e88d7f7-5345-4a5e-9995-313cdaef2b1a,7e88d7f7-5345-4a5e-9995-313cdaef2b1a_1710915543064,/,23302041-9176-40ad-b7bd-686ff255035b
event_paywall_open,1710915681100000,7e88d7f7-5345-4a5e-9995-313cdaef2b1a,7e88d7f7-5345-4a5e-9995-313cdaef2b1a_1710915543064,/,3ee6c874-e2a8-4c2e-a2ae-48ae41c975ba
event_paywall_open,1710915686610000,7e88d7f7-5345-4a5e-9995-313cdaef2b1a,7e88d7f7-5345-4a5e-9995-313cdaef2b1a_1710915543064,/,23302041-9176-40ad-b7bd-686ff255035b
event_paywall_open,1710915690940000,7e88d7f7-5345-4a5e-9995-313cdaef2b1a,7e88d7f7-5345-4a5e-9995-313cdaef2b1a_1710915543064,/,3ee6c874-e2a8-4c2e-a2ae-48ae41c975ba
event_paywall_open,1710915699233000,7e88d7f7-5345-4a5e-9995-313cdaef2b1a,7e88d7f7-5345-4a5e-9995-313cdaef2b1a_1710915543064,/,f1f758c6-f81a-4133-8d64-b8fb6286260d
event_paywall_open,1710915706558000,7e88d7f7-5345-4a5e-9995-313cdaef2b1a,7e88d7f7-5345-4a5e-9995-313cdaef2b1a_1710915543064,/,3ee6c874-e2a8-4c2e-a2ae-48ae41c975ba
event_paywall_open,1710915711409000,7e88d7f7-5345-4a5e-9995-313cdaef2b1a,7e88d7f7-5345-4a5e-9995-313cdaef2b1a_1710915543064,/,f1f758c6-f81a-4133-8d64-b8fb6286260d
event_paywall_open,1710916474545000,7e88d7f7-5345-4a5e-9995-313cdaef2b1a,7e88d7f7-5345-4a5e-9995-313cdaef2b1a_1710916470372,/,3ee6c874-e2a8-4c2e-a2ae-48ae41c975ba
event_paywall_open,1710916499780000,7e88d7f7-5345-4a5e-9995-313cdaef2b1a,7e88d7f7-5345-4a5e-9995-313cdaef2b1a_1710916470372,/,3ee6c874-e2a8-4c2e-a2ae-48ae41c975ba
event_paywall_open,1710916022576000,c6b7a3b4-ad5b-4a0a-992b-ca05663788cd,c6b7a3b4-ad5b-4a0a-992b-ca05663788cd_1710915884491,/,3ee6c874-e2a8-4c2e-a2ae-48ae41c975ba
event_paywall_open,1710917098439000,7b41e0ef-59cb-408d-881e-8c9c9211a032,7b41e0ef-59cb-408d-881e-8c9c9211a032_1710917005676,/,3ee6c874-e2a8-4c2e-a2ae-48ae41c975ba
event_paywall_open,1710918020757000,4e274642-e440-4c63-8aa8-da2af577b012,4e274642-e440-4c63-8aa8-da2af577b012_1710918018596,/,3ee6c874-e2a8-4c2e-a2ae-48ae41c975ba
event_paywall_open,1710920265970000,347aac13-8829-4566-bed7-a0c271ef71e8,347aac13-8829-4566-bed7-a0c271ef71e8_1710920262088,/,3ee6c874-e2a8-4c2e-a2ae-48ae41c975ba
event_paywall_open,1710918019996000,a0f22d3e-1ad0-476c-8c5c-d481cb9d293d,a0f22d3e-1ad0-476c-8c5c-d481cb9d293d_1710918014236,/,3ee6c874-e2a8-4c2e-a2ae-48ae41c975ba
event_paywall_open,1710918663271000,e456ba01-d8a6-4171-948f-7d42cbb379ee,e456ba01-d8a6-4171-948f-7d42cbb379ee_1710918661711,/,3ee6c874-e2a8-4c2e-a2ae-48ae41c975ba
event_paywall_open,1710918043751000,269af40e-9fe5-44a7-b0b3-7045386ebc1c,269af40e-9fe5-44a7-b0b3-7045386ebc1c_1710918026766,/,3ee6c874-e2a8-4c2e-a2ae-48ae41c975ba
event_paywall_open,1710918084282000,269af40e-9fe5-44a7-b0b3-7045386ebc1c,269af40e-9fe5-44a7-b0b3-7045386ebc1c_1710918026766,/,f1f758c6-f81a-4133-8d64-b8fb6286260d
event_paywall_open,1710918089848000,269af40e-9fe5-44a7-b0b3-7045386ebc1c,269af40e-9fe5-44a7-b0b3-7045386ebc1c_1710918026766,/,3ee6c874-e2a8-4c2e-a2ae-48ae41c975ba
event_paywall_open,1710918097428000,269af40e-9fe5-44a7-b0b3-7045386ebc1c,269af40e-9fe5-44a7-b0b3-7045386ebc1c_1710918026766,/,f1f758c6-f81a-4133-8d64-b8fb6286260d
event_paywall_open,1710918110868000,269af40e-9fe5-44a7-b0b3-7045386ebc1c,269af40e-9fe5-44a7-b0b3-7045386ebc1c_1710918026766,/,3ee6c874-e2a8-4c2e-a2ae-48ae41c975ba
event_paywall_open,1710580166153000,3bfae10b-e73b-4635-904e-c0729ab7016e,3bfae10b-e73b-4635-904e-c0729ab7016e_1710580163732,/,3ee6c874-e2a8-4c2e-a2ae-48ae41c975ba
event_paywall_open,1710918108665000,3bfae10b-e73b-4635-904e-c0729ab7016e,3bfae10b-e73b-4635-904e-c0729ab7016e_1710918105156,/,3ee6c874-e2a8-4c2e-a2ae-48ae41c975ba
event_paywall_open,1710918641443000,7e88d7f7-5345-4a5e-9995-313cdaef2b1a,7e88d7f7-5345-4a5e-9995-313cdaef2b1a_1710918635127,/,f1f758c6-f81a-4133-8d64-b8fb6286260d
event_paywall_open,1710918736318000,a6293b05-8010-4675-8067-5a9ebc3a8c6f,a6293b05-8010-4675-8067-5a9ebc3a8c6f_1710918564165,/,3ee6c874-e2a8-4c2e-a2ae-48ae41c975ba
event_paywall_open,1710918750931000,a6293b05-8010-4675-8067-5a9ebc3a8c6f,a6293b05-8010-4675-8067-5a9ebc3a8c6f_1710918564165,/,3ee6c874-e2a8-4c2e-a2ae-48ae41c975ba
event_paywall_open,1710918789339000,a6293b05-8010-4675-8067-5a9ebc3a8c6f,a6293b05-8010-4675-8067-5a9ebc3a8c6f_1710918564165,/,23302041-9176-40ad-b7bd-686ff255035b
event_paywall_open,1710918792621000,a6293b05-8010-4675-8067-5a9ebc3a8c6f,a6293b05-8010-4675-8067-5a9ebc3a8c6f_1710918564165,/,3ee6c874-e2a8-4c2e-a2ae-48ae41c975ba
event_paywall_open,1710918802336000,a6293b05-8010-4675-8067-5a9ebc3a8c6f,a6293b05-8010-4675-8067-5a9ebc3a8c6f_1710918564165,/,23302041-9176-40ad-b7bd-686ff255035b
event_paywall_open,1710918805160000,a6293b05-8010-4675-8067-5a9ebc3a8c6f,a6293b05-8010-4675-8067-5a9ebc3a8c6f_1710918564165,/,3ee6c874-e2a8-4c2e-a2ae-48ae41c975ba
event_paywall_open,1710920080860000,c9b30b5c-be57-4fb5-ad10-da077f4dcbad,c9b30b5c-be57-4fb5-ad10-da077f4dcbad_1710919975274,/,3ee6c874-e2a8-4c2e-a2ae-48ae41c975ba
event_paywall_open,1710924161511000,46401858-c3c2-43b4-9dda-28f554c6a417,46401858-c3c2-43b4-9dda-28f554c6a417_1710924159526,/,3ee6c874-e2a8-4c2e-a2ae-48ae41c975ba
event_paywall_open,1710921616092000,8e7d8652-a7cc-41b0-b74f-a265d5c92579,8e7d8652-a7cc-41b0-b74f-a265d5c92579_1710921613638,/,3ee6c874-e2a8-4c2e-a2ae-48ae41c975ba
event_paywall_open,1710923644184000,0d98e185-dd38-44d2-ac76-6f1bf92f650c,0d98e185-dd38-44d2-ac76-6f1bf92f650c_1710923640507,/,3ee6c874-e2a8-4c2e-a2ae-48ae41c975ba
event_paywall_open,1710924772609000,e7e66103-0bd7-407d-9088-ac075604b556,e7e66103-0bd7-407d-9088-ac075604b556_1710924545533,/,3ee6c874-e2a8-4c2e-a2ae-48ae41c975ba
event_paywall_open,1710924802386000,e7e66103-0bd7-407d-9088-ac075604b556,e7e66103-0bd7-407d-9088-ac075604b556_1710924545533,/,23302041-9176-40ad-b7bd-686ff255035b
event_paywall_open,1710924815829000,e7e66103-0bd7-407d-9088-ac075604b556,e7e66103-0bd7-407d-9088-ac075604b556_1710924545533,/,3ee6c874-e2a8-4c2e-a2ae-48ae41c975ba
event_paywall_open,1710924824274000,e7e66103-0bd7-407d-9088-ac075604b556,e7e66103-0bd7-407d-9088-ac075604b556_1710924545533,/,23302041-9176-40ad-b7bd-686ff255035b
event_paywall_open,1710924831045000,e7e66103-0bd7-407d-9088-ac075604b556,e7e66103-0bd7-407d-9088-ac075604b556_1710924545533,/,3ee6c874-e2a8-4c2e-a2ae-48ae41c975ba
event_paywall_open,1710924840238000,e7e66103-0bd7-407d-9088-ac075604b556,e7e66103-0bd7-407d-9088-ac075604b556_1710924545533,/,f1f758c6-f81a-4133-8d64-b8fb6286260d
event_paywall_open,1710924843903000,e7e66103-0bd7-407d-9088-ac075604b556,e7e66103-0bd7-407d-9088-ac075604b556_1710924545533,/,3ee6c874-e2a8-4c2e-a2ae-48ae41c975ba
event_paywall_open,1710924851086000,e7e66103-0bd7-407d-9088-ac075604b556,e7e66103-0bd7-407d-9088-ac075604b556_1710924545533,/,23302041-9176-40ad-b7bd-686ff255035b
event_paywall_open,1710924937402000,e7e66103-0bd7-407d-9088-ac075604b556,e7e66103-0bd7-407d-9088-ac075604b556_1710924545533,/,3ee6c874-e2a8-4c2e-a2ae-48ae41c975ba
event_paywall_open,1710924941814000,e7e66103-0bd7-407d-9088-ac075604b556,e7e66103-0bd7-407d-9088-ac075604b556_1710924545533,/,f1f758c6-f81a-4133-8d64-b8fb6286260d
event_paywall_open,1710924944048000,e7e66103-0bd7-407d-9088-ac075604b556,e7e66103-0bd7-407d-9088-ac075604b556_1710924545533,/,3ee6c874-e2a8-4c2e-a2ae-48ae41c975ba
event_paywall_open,1710924947680000,e7e66103-0bd7-407d-9088-ac075604b556,e7e66103-0bd7-407d-9088-ac075604b556_1710924545533,/,23302041-9176-40ad-b7bd-686ff255035b
event_paywall_open,1710923109781000,a6049fda-8e0c-4883-bb13-33090c66a6a3,a6049fda-8e0c-4883-bb13-33090c66a6a3_1710922884177,/,3ee6c874-e2a8-4c2e-a2ae-48ae41c975ba
event_paywall_open,1709805670365000,7f982a14-328b-4db0-9606-af55ca05efac,7f982a14-328b-4db0-9606-af55ca05efac_1709805668600,/,3ee6c874-e2a8-4c2e-a2ae-48ae41c975ba
event_paywall_open,1709891264856000,7f982a14-328b-4db0-9606-af55ca05efac,7f982a14-328b-4db0-9606-af55ca05efac_1709891263051,/,3ee6c874-e2a8-4c2e-a2ae-48ae41c975ba
event_paywall_open,1710822879821000,7f982a14-328b-4db0-9606-af55ca05efac,7f982a14-328b-4db0-9606-af55ca05efac_1710822878041,/,3ee6c874-e2a8-4c2e-a2ae-48ae41c975ba
event_paywall_open,1710922520858000,7f982a14-328b-4db0-9606-af55ca05efac,7f982a14-328b-4db0-9606-af55ca05efac_1710922518898,/,3ee6c874-e2a8-4c2e-a2ae-48ae41c975ba
event_paywall_open,1710926213118000,7f982a14-328b-4db0-9606-af55ca05efac,7f982a14-328b-4db0-9606-af55ca05efac_1710926211300,/,3ee6c874-e2a8-4c2e-a2ae-48ae41c975ba
event_paywall_open,1706662899951000,e2853d9f-3080-427b-aa88-f23153240fb0,e2853d9f-3080-427b-aa88-f23153240fb0_1706662897275,/,9430e36a-4887-4f28-a2c4-cf3a5971e33e
event_paywall_open,1709629210176000,e2853d9f-3080-427b-aa88-f23153240fb0,e2853d9f-3080-427b-aa88-f23153240fb0_1709629207206,/,3ee6c874-e2a8-4c2e-a2ae-48ae41c975ba
event_paywall_open,1710927451375000,6e05b20e-1571-413f-a894-6810087cb3f5,6e05b20e-1571-413f-a894-6810087cb3f5_1710927448170,/,3ee6c874-e2a8-4c2e-a2ae-48ae41c975ba
event_paywall_open,1710905146830000,e231836a-f34f-43cc-8d9b-f436abbd0acf,e231836a-f34f-43cc-8d9b-f436abbd0acf_1710905143898,/,3ee6c874-e2a8-4c2e-a2ae-48ae41c975ba
event_paywall_open,1710927389244000,93862eae-9958-4a61-919d-e2918561cb32,93862eae-9958-4a61-919d-e2918561cb32_1710927386760,/,3ee6c874-e2a8-4c2e-a2ae-48ae41c975ba
event_paywall_open,1710845028193000,6cdba527-e4fb-4fbc-af11-dc2ce88af020,6cdba527-e4fb-4fbc-af11-dc2ce88af020_1710845024007,/,3ee6c874-e2a8-4c2e-a2ae-48ae41c975ba
event_paywall_open,1710927923724000,6cdba527-e4fb-4fbc-af11-dc2ce88af020,6cdba527-e4fb-4fbc-af11-dc2ce88af020_1710927919758,/,3ee6c874-e2a8-4c2e-a2ae-48ae41c975ba
event_paywall_open,1710927577380000,9d824d4e-61e4-420f-8190-589e2820254e,9d824d4e-61e4-420f-8190-589e2820254e_1710927570616,/,3ee6c874-e2a8-4c2e-a2ae-48ae41c975ba
event_paywall_open,1710926423946000,a5d20810-d556-4a99-a30b-bf6d8183439f,a5d20810-d556-4a99-a30b-bf6d8183439f_1710926302099,/,3ee6c874-e2a8-4c2e-a2ae-48ae41c975ba
event_paywall_open,1710926790597000,d1654425-5fc6-4e1a-9ac7-8697a3224dd1,d1654425-5fc6-4e1a-9ac7-8697a3224dd1_1710926658318,/,3ee6c874-e2a8-4c2e-a2ae-48ae41c975ba
event_paywall_open,1710928312933000,3703b218-d44e-4a3c-9d4e-ea013e835494,3703b218-d44e-4a3c-9d4e-ea013e835494_1710928192402,/,3ee6c874-e2a8-4c2e-a2ae-48ae41c975ba
